return_id,order_id,order_item_id,product_id,customer_id,return_date,return_reason,refund_amount
RET00001,ORD000014,OI000028,PROD0031,CUST00239,15-12-2025,Not as Described,862.99
RET00002,ORD000037,OI000073,PROD0049,CUST00496,19-05-2025,Product Damaged,1446.51
RET00003,ORD000038,OI000076,PROD0024,CUST00371,29-12-2024,Changed Mind,3493.68
RET00004,ORD000040,OI000082,PROD0049,CUST00094,06-06-2025,Size/Fit Issue,482.17
RET00005,ORD000054,OI000112,PROD0050,CUST00015,28-08-2024,Better Price Found Elsewhere,600.22
RET00006,ORD000063,OI000130,PROD0034,CUST00313,08-04-2025,Size/Fit Issue,591.85
RET00007,ORD000077,OI000160,PROD0049,CUST00507,04-11-2025,Changed Mind,458.06
RET00008,ORD000082,OI000168,PROD0007,CUST00036,06-09-2025,Changed Mind,2398.35
RET00009,ORD000094,OI000196,PROD0049,CUST00469,07-07-2025,Quality Issue,964.34
RET00010,ORD000095,OI000197,PROD0013,CUST00592,29-08-2024,Not as Described,2374.52
RET00011,ORD000107,OI000216,PROD0050,CUST00215,13-02-2024,Product Damaged,1275.46
RET00012,ORD000115,OI000235,PROD0049,CUST00323,31-10-2025,Changed Mind,482.17
RET00013,ORD000119,OI000245,PROD0007,CUST00367,10-12-2025,Quality Issue,2278.43
RET00014,ORD000121,OI000248,PROD0034,CUST00133,02-01-2025,Not as Described,591.85
RET00015,ORD000130,OI000263,PROD0039,CUST00240,26-10-2025,Product Damaged,647.02
RET00016,ORD000161,OI000329,PROD0049,CUST00396,04-12-2024,Product Damaged,482.17
RET00017,ORD000174,OI000347,PROD0049,CUST00455,15-08-2025,Not as Described,964.34
RET00018,ORD000178,OI000356,PROD0025,CUST00014,10-11-2025,Changed Mind,1494.98
RET00019,ORD000196,OI000406,PROD0034,CUST00242,25-03-2025,Size/Fit Issue,623.00
RET00020,ORD000228,OI000474,PROD0013,CUST00094,27-04-2024,Changed Mind,2137.07
RET00021,ORD000243,OI000499,PROD0044,CUST00405,02-12-2024,Product Damaged,295.59
RET00022,ORD000247,OI000511,PROD0009,CUST00157,01-07-2025,Not as Described,7194.38
RET00023,ORD000248,OI000512,PROD0009,CUST00435,21-07-2025,Product Damaged,7194.38
RET00024,ORD000257,OI000531,PROD0023,CUST00540,31-10-2025,Quality Issue,3428.46
RET00025,ORD000275,OI000568,PROD0016,CUST00465,19-03-2025,Changed Mind,2151.12
RET00026,ORD000284,OI000595,PROD0049,CUST00540,11-11-2025,Product Damaged,482.17
RET00027,ORD000288,OI000605,PROD0028,CUST00585,02-11-2024,Better Price Found Elsewhere,9171.98
RET00028,ORD000291,OI000613,PROD0032,CUST00342,14-04-2025,Quality Issue,1603.35
RET00029,ORD000300,OI000632,PROD0011,CUST00335,27-10-2025,Wrong Item Delivered,1364.75
RET00030,ORD000316,OI000665,PROD0047,CUST00404,01-05-2025,Product Damaged,785.50
RET00031,ORD000318,OI000670,PROD0013,CUST00222,21-11-2025,Changed Mind,1899.62
RET00032,ORD000320,OI000673,PROD0039,CUST00309,15-09-2024,Better Price Found Elsewhere,647.02
RET00033,ORD000323,OI000680,PROD0030,CUST00499,13-08-2024,Quality Issue,1042.42
RET00034,ORD000334,OI000703,PROD0007,CUST00410,18-03-2025,Wrong Item Delivered,2158.52
RET00035,ORD000342,OI000723,PROD0015,CUST00380,28-06-2024,Size/Fit Issue,1188.01
RET00036,ORD000346,OI000727,PROD0013,CUST00586,22-10-2025,Changed Mind,4749.04
RET00037,ORD000347,OI000728,PROD0004,CUST00279,10-12-2025,Size/Fit Issue,1971.00
RET00038,ORD000367,OI000765,PROD0030,CUST00559,01-04-2025,Wrong Item Delivered,1158.24
RET00039,ORD000369,OI000767,PROD0041,CUST00116,27-02-2025,Product Damaged,1389.89
RET00040,ORD000375,OI000783,PROD0002,CUST00001,12-08-2024,Wrong Item Delivered,11538.67
RET00041,ORD000380,OI000794,PROD0032,CUST00421,03-04-2025,Size/Fit Issue,1603.35
RET00042,ORD000385,OI000802,PROD0044,CUST00484,21-11-2025,Changed Mind,295.59
RET00043,ORD000403,OI000839,PROD0050,CUST00365,09-09-2025,Wrong Item Delivered,750.27
RET00044,ORD000419,OI000875,PROD0020,CUST00304,14-06-2025,Wrong Item Delivered,3931.30
RET00045,ORD000429,OI000894,PROD0040,CUST00268,12-09-2024,Better Price Found Elsewhere,14340.56
RET00046,ORD000432,OI000899,PROD0013,CUST00549,05-09-2025,Better Price Found Elsewhere,2374.52
RET00047,ORD000458,OI000947,PROD0050,CUST00378,11-11-2024,Wrong Item Delivered,750.27
RET00048,ORD000470,OI000970,PROD0010,CUST00101,25-02-2025,Quality Issue,11646.98
RET00049,ORD000477,OI000985,PROD0049,CUST00421,16-04-2025,Product Damaged,482.17
RET00050,ORD000487,OI001004,PROD0045,CUST00469,07-11-2024,Size/Fit Issue,1202.26
RET00051,ORD000491,OI001016,PROD0034,CUST00162,02-01-2026,Wrong Item Delivered,1246.00
RET00052,ORD000493,OI001022,PROD0031,CUST00229,04-05-2024,Better Price Found Elsewhere,1553.38
RET00053,ORD000497,OI001030,PROD0014,CUST00032,11-08-2024,Size/Fit Issue,2757.65
RET00054,ORD000501,OI001041,PROD0045,CUST00558,06-12-2025,Size/Fit Issue,1202.26
RET00055,ORD000513,OI001065,PROD0015,CUST00380,28-11-2025,Wrong Item Delivered,1188.01
RET00056,ORD000514,OI001066,PROD0014,CUST00453,26-11-2025,Wrong Item Delivered,5515.30
RET00057,ORD000526,OI001090,PROD0021,CUST00404,29-06-2025,Size/Fit Issue,10022.28
RET00058,ORD000532,OI001102,PROD0011,CUST00595,28-10-2024,Not as Described,1364.75
RET00059,ORD000553,OI001149,PROD0030,CUST00021,20-10-2025,Product Damaged,3300.98
RET00060,ORD000558,OI001159,PROD0024,CUST00422,23-04-2024,Better Price Found Elsewhere,3493.68
RET00061,ORD000563,OI001168,PROD0013,CUST00313,21-06-2024,Better Price Found Elsewhere,2255.79
RET00062,ORD000572,OI001188,PROD0049,CUST00073,23-05-2025,Changed Mind,482.17
RET00063,ORD000620,OI001286,PROD0044,CUST00116,22-12-2025,Quality Issue,280.03
RET00064,ORD000621,OI001287,PROD0019,CUST00549,04-10-2025,Product Damaged,813.88
RET00065,ORD000628,OI001299,PROD0050,CUST00138,19-09-2025,Size/Fit Issue,750.27
RET00066,ORD000629,OI001300,PROD0050,CUST00396,28-03-2025,Better Price Found Elsewhere,750.27
RET00067,ORD000634,OI001308,PROD0032,CUST00493,27-09-2025,Changed Mind,1282.68
RET00068,ORD000643,OI001330,PROD0030,CUST00174,16-04-2025,Quality Issue,2316.48
RET00069,ORD000644,OI001331,PROD0027,CUST00430,07-08-2025,Better Price Found Elsewhere,13645.22
RET00070,ORD000661,OI001366,PROD0024,CUST00310,07-03-2024,Better Price Found Elsewhere,2969.63
RET00071,ORD000667,OI001377,PROD0002,CUST00115,16-12-2024,Wrong Item Delivered,4273.58
RET00072,ORD000680,OI001406,PROD0001,CUST00364,01-01-2026,Quality Issue,2532.14
RET00073,ORD000681,OI001409,PROD0043,CUST00287,17-02-2025,Better Price Found Elsewhere,2768.56
RET00074,ORD000696,OI001452,PROD0040,CUST00252,14-12-2025,Product Damaged,5311.32
RET00075,ORD000713,OI001485,PROD0015,CUST00074,01-05-2024,Not as Described,2501.08
RET00076,ORD000718,OI001493,PROD0049,CUST00286,09-09-2025,Size/Fit Issue,458.06
RET00077,ORD000720,OI001497,PROD0013,CUST00162,24-06-2024,Better Price Found Elsewhere,2374.52
RET00078,ORD000725,OI001506,PROD0007,CUST00239,12-06-2025,Better Price Found Elsewhere,2158.52
RET00079,ORD000735,OI001523,PROD0007,CUST00335,21-10-2025,Size/Fit Issue,2158.52
RET00080,ORD000737,OI001526,PROD0049,CUST00197,15-06-2024,Wrong Item Delivered,867.91
RET00081,ORD000738,OI001529,PROD0028,CUST00388,09-11-2025,Quality Issue,9171.98
RET00082,ORD000741,OI001540,PROD0032,CUST00197,30-12-2024,Better Price Found Elsewhere,1603.35
RET00083,ORD000745,OI001545,PROD0050,CUST00410,26-02-2025,Not as Described,675.24
RET00084,ORD000754,OI001566,PROD0040,CUST00137,30-07-2024,Changed Mind,5045.75
RET00085,ORD000756,OI001570,PROD0049,CUST00115,14-09-2024,Wrong Item Delivered,433.95
RET00086,ORD000762,OI001580,PROD0049,CUST00299,16-08-2025,Not as Described,458.06
RET00087,ORD000782,OI001624,PROD0040,CUST00139,12-02-2025,Not as Described,4514.62
RET00088,ORD000790,OI001647,PROD0007,CUST00250,14-11-2025,Changed Mind,4556.86
RET00089,ORD000796,OI001666,PROD0029,CUST00279,18-12-2025,Quality Issue,2073.63
RET00090,ORD000801,OI001676,PROD0023,CUST00046,29-09-2025,Changed Mind,2035.65
RET00091,ORD000809,OI001698,PROD0013,CUST00569,29-10-2025,Wrong Item Delivered,2018.34
RET00092,ORD000817,OI001716,PROD0049,CUST00035,09-08-2025,Better Price Found Elsewhere,409.84
RET00093,ORD000819,OI001719,PROD0039,CUST00584,14-06-2025,Size/Fit Issue,612.96
RET00094,ORD000820,OI001720,PROD0031,CUST00172,19-12-2024,Not as Described,862.99
RET00095,ORD000830,OI001736,PROD0031,CUST00532,29-09-2025,Changed Mind,862.99
RET00096,ORD000835,OI001744,PROD0018,CUST00573,13-03-2025,Changed Mind,3976.36
RET00097,ORD000838,OI001751,PROD0007,CUST00391,28-02-2025,Wrong Item Delivered,2158.52
RET00098,ORD000855,OI001786,PROD0008,CUST00224,11-07-2024,Size/Fit Issue,1778.05
RET00099,ORD000878,OI001832,PROD0013,CUST00068,30-10-2024,Product Damaged,2137.07
RET00100,ORD000882,OI001841,PROD0007,CUST00252,05-07-2025,Size/Fit Issue,4077.20
RET00101,ORD000891,OI001859,PROD0049,CUST00595,29-10-2024,Product Damaged,482.17
RET00102,ORD000894,OI001864,PROD0049,CUST00047,17-06-2024,Quality Issue,482.17
RET00103,ORD000898,OI001874,PROD0008,CUST00035,28-08-2025,Changed Mind,1055.72
RET00104,ORD000903,OI001885,PROD0007,CUST00143,02-09-2024,Size/Fit Issue,2038.60
RET00105,ORD000917,OI001915,PROD0023,CUST00354,13-03-2025,Product Damaged,2142.79
RET00106,ORD000919,OI001920,PROD0033,CUST00162,01-08-2025,Product Damaged,2147.45
RET00107,ORD000924,OI001932,PROD0024,CUST00431,21-06-2024,Quality Issue,6637.99
RET00108,ORD000934,OI001949,PROD0049,CUST00130,05-11-2025,Wrong Item Delivered,482.17
RET00109,ORD000937,OI001954,PROD0003,CUST00430,27-07-2025,Quality Issue,3142.61
RET00110,ORD000950,OI001976,PROD0007,CUST00036,06-12-2024,Quality Issue,4556.86
RET00111,ORD000953,OI001982,PROD0031,CUST00485,15-08-2025,Product Damaged,690.39
RET00112,ORD000961,OI001999,PROD0013,CUST00352,03-12-2025,Quality Issue,1899.62
RET00113,ORD000963,OI002002,PROD0049,CUST00461,03-03-2025,Better Price Found Elsewhere,482.17
RET00114,ORD000969,OI002017,PROD0013,CUST00185,24-11-2025,Better Price Found Elsewhere,2374.52
RET00115,ORD000978,OI002040,PROD0043,CUST00537,20-12-2024,Changed Mind,2768.56
RET00116,ORD000986,OI002054,PROD0045,CUST00269,14-01-2024,Not as Described,1335.85
RET00117,ORD000990,OI002067,PROD0024,CUST00151,24-06-2025,Wrong Item Delivered,3144.31
RET00118,ORD000991,OI002068,PROD0040,CUST00474,05-10-2025,Product Damaged,5311.32
RET00119,ORD000994,OI002073,PROD0009,CUST00329,19-12-2024,Better Price Found Elsewhere,14388.76
RET00120,ORD000998,OI002078,PROD0002,CUST00328,16-07-2025,Better Price Found Elsewhere,8547.16
RET00121,ORD001011,OI002097,PROD0013,CUST00157,24-10-2025,Changed Mind,2255.79
RET00122,ORD001014,OI002101,PROD0007,CUST00275,13-03-2025,Wrong Item Delivered,2158.52
RET00123,ORD001018,OI002110,PROD0049,CUST00595,24-12-2024,Size/Fit Issue,867.91
RET00124,ORD001048,OI002166,PROD0021,CUST00348,07-01-2025,Size/Fit Issue,3340.76
RET00125,ORD001073,OI002211,PROD0028,CUST00341,16-09-2025,Wrong Item Delivered,7337.58
RET00126,ORD001075,OI002215,PROD0007,CUST00484,06-12-2025,Wrong Item Delivered,1918.68
RET00127,ORD001081,OI002229,PROD0044,CUST00421,08-01-2025,Size/Fit Issue,311.15
RET00128,ORD001096,OI002250,PROD0013,CUST00121,26-07-2025,Quality Issue,4511.59
RET00129,ORD001110,OI002279,PROD0049,CUST00510,13-09-2024,Better Price Found Elsewhere,867.91
RET00130,ORD001114,OI002289,PROD0044,CUST00251,13-08-2024,Not as Described,622.30
RET00131,ORD001122,OI002308,PROD0043,CUST00227,21-07-2025,Wrong Item Delivered,2622.84
RET00132,ORD001123,OI002310,PROD0007,CUST00061,16-11-2025,Quality Issue,2398.35
RET00133,ORD001124,OI002314,PROD0031,CUST00237,09-04-2025,Better Price Found Elsewhere,862.99
RET00134,ORD001136,OI002341,PROD0012,CUST00068,28-06-2025,Better Price Found Elsewhere,1572.60
RET00135,ORD001141,OI002349,PROD0013,CUST00445,24-09-2024,Product Damaged,4511.59
RET00136,ORD001150,OI002366,PROD0007,CUST00124,12-07-2024,Product Damaged,4796.70
RET00137,ORD001163,OI002393,PROD0031,CUST00448,20-05-2025,Not as Described,862.99
RET00138,ORD001181,OI002435,PROD0044,CUST00309,26-02-2025,Wrong Item Delivered,622.30
RET00139,ORD001187,OI002451,PROD0032,CUST00542,13-08-2025,Changed Mind,1443.02
RET00140,ORD001190,OI002454,PROD0050,CUST00408,31-05-2025,Quality Issue,1500.54
RET00141,ORD001194,OI002462,PROD0017,CUST00461,04-03-2025,Changed Mind,4300.66
RET00142,ORD001203,OI002480,PROD0049,CUST00014,20-11-2025,Better Price Found Elsewhere,964.34
RET00143,ORD001209,OI002491,PROD0031,CUST00502,20-11-2025,Better Price Found Elsewhere,1725.98
RET00144,ORD001215,OI002503,PROD0013,CUST00227,08-07-2025,Wrong Item Delivered,4749.04
RET00145,ORD001228,OI002530,PROD0006,CUST00534,03-01-2026,Not as Described,1118.29
RET00146,ORD001237,OI002550,PROD0049,CUST00002,13-11-2025,Not as Described,458.06
RET00147,ORD001241,OI002559,PROD0004,CUST00075,07-07-2024,Changed Mind,1971.00
RET00148,ORD001253,OI002590,PROD0033,CUST00374,12-09-2025,Size/Fit Issue,2386.05
RET00149,ORD001254,OI002591,PROD0004,CUST00024,16-09-2024,Not as Described,3942.00
RET00150,ORD001257,OI002595,PROD0045,CUST00378,04-01-2025,Size/Fit Issue,1202.26
RET00151,ORD001277,OI002637,PROD0007,CUST00283,17-11-2025,Better Price Found Elsewhere,2398.35
RET00152,ORD001281,OI002648,PROD0031,CUST00038,17-07-2025,Changed Mind,690.39
RET00153,ORD001285,OI002658,PROD0049,CUST00117,21-09-2025,Size/Fit Issue,458.06
RET00154,ORD001301,OI002692,PROD0032,CUST00547,12-11-2025,Not as Described,1362.85
RET00155,ORD001328,OI002750,PROD0020,CUST00421,28-03-2025,Size/Fit Issue,4914.12
RET00156,ORD001330,OI002756,PROD0032,CUST00031,06-04-2024,Wrong Item Delivered,1603.35
RET00157,ORD001342,OI002778,PROD0020,CUST00014,19-11-2025,Changed Mind,9828.24
RET00158,ORD001343,OI002779,PROD0026,CUST00373,15-03-2024,Quality Issue,2290.14
RET00159,ORD001350,OI002793,PROD0048,CUST00258,30-07-2024,Quality Issue,1227.19
RET00160,ORD001357,OI002806,PROD0034,CUST00244,19-08-2025,Not as Described,1121.40
RET00161,ORD001409,OI002909,PROD0049,CUST00583,01-12-2024,Not as Described,409.84
RET00162,ORD001412,OI002912,PROD0050,CUST00236,01-01-2025,Not as Described,1500.54
RET00163,ORD001414,OI002914,PROD0050,CUST00304,13-05-2025,Size/Fit Issue,1500.54
RET00164,ORD001416,OI002917,PROD0036,CUST00014,27-10-2025,Changed Mind,3616.42
RET00165,ORD001421,OI002929,PROD0019,CUST00186,09-01-2025,Size/Fit Issue,1819.25
RET00166,ORD001427,OI002937,PROD0025,CUST00309,06-11-2025,Size/Fit Issue,2391.97
RET00167,ORD001444,OI002977,PROD0033,CUST00538,12-11-2025,Product Damaged,4772.10
RET00168,ORD001447,OI002984,PROD0049,CUST00567,18-10-2025,Size/Fit Issue,482.17
RET00169,ORD001450,OI002988,PROD0007,CUST00549,24-09-2025,Wrong Item Delivered,2038.60
RET00170,ORD001472,OI003029,PROD0040,CUST00193,07-06-2024,Product Damaged,10622.64
RET00171,ORD001480,OI003046,PROD0007,CUST00209,15-08-2025,Wrong Item Delivered,2398.35
RET00172,ORD001482,OI003048,PROD0029,CUST00453,15-09-2025,Wrong Item Delivered,1762.59
RET00173,ORD001487,OI003059,PROD0024,CUST00011,11-09-2024,Not as Described,3319.00
RET00174,ORD001490,OI003064,PROD0004,CUST00595,12-11-2024,Not as Described,1675.35
RET00175,ORD001500,OI003096,PROD0019,CUST00559,29-03-2025,Better Price Found Elsewhere,957.50
RET00176,ORD001504,OI003107,PROD0010,CUST00189,01-12-2025,Not as Described,14558.72
RET00177,ORD001539,OI003166,PROD0017,CUST00397,26-12-2024,Not as Described,4300.66
RET00178,ORD001541,OI003171,PROD0049,CUST00370,12-04-2024,Better Price Found Elsewhere,409.84
RET00179,ORD001543,OI003174,PROD0044,CUST00463,06-04-2025,Wrong Item Delivered,622.30
RET00180,ORD001546,OI003180,PROD0049,CUST00475,10-02-2025,Changed Mind,1374.18
RET00181,ORD001555,OI003204,PROD0049,CUST00157,12-09-2024,Quality Issue,482.17
RET00182,ORD001556,OI003205,PROD0049,CUST00284,29-05-2025,Quality Issue,867.91
RET00183,ORD001557,OI003206,PROD0007,CUST00067,06-10-2024,Product Damaged,2398.35
RET00184,ORD001599,OI003302,PROD0049,CUST00005,10-12-2025,Not as Described,458.06
RET00185,ORD001608,OI003332,PROD0050,CUST00329,17-06-2024,Not as Described,750.27
RET00186,ORD001610,OI003339,PROD0019,CUST00068,30-10-2024,Wrong Item Delivered,909.62
RET00187,ORD001611,OI003341,PROD0049,CUST00432,03-09-2025,Not as Described,482.17
RET00188,ORD001638,OI003393,PROD0007,CUST00434,26-12-2025,Not as Described,1918.68
RET00189,ORD001639,OI003395,PROD0034,CUST00328,10-07-2024,Quality Issue,498.40
RET00190,ORD001654,OI003419,PROD0001,CUST00329,17-06-2024,Wrong Item Delivered,2978.99
RET00191,ORD001664,OI003440,PROD0013,CUST00095,08-12-2024,Not as Described,2374.52
RET00192,ORD001667,OI003449,PROD0044,CUST00061,30-11-2025,Wrong Item Delivered,311.15
RET00193,ORD001675,OI003462,PROD0049,CUST00410,05-03-2025,Size/Fit Issue,409.84
RET00194,ORD001696,OI003502,PROD0040,CUST00453,23-02-2024,Size/Fit Issue,5045.75
RET00195,ORD001704,OI003517,PROD0013,CUST00410,10-01-2026,Better Price Found Elsewhere,2374.52
RET00196,ORD001747,OI003601,PROD0040,CUST00558,24-06-2024,Changed Mind,4514.62
RET00197,ORD001751,OI003609,PROD0018,CUST00361,29-11-2025,Better Price Found Elsewhere,3348.51
RET00198,ORD001759,OI003625,PROD0015,CUST00299,10-12-2024,Wrong Item Delivered,1250.54
RET00199,ORD001772,OI003650,PROD0034,CUST00595,08-07-2025,Size/Fit Issue,529.55
RET00200,ORD001773,OI003651,PROD0044,CUST00061,19-03-2024,Product Damaged,248.92
RET00201,ORD001779,OI003670,PROD0007,CUST00405,23-06-2025,Changed Mind,4077.20
RET00202,ORD001796,OI003709,PROD0050,CUST00437,09-05-2025,Wrong Item Delivered,2025.73
RET00203,ORD001807,OI003733,PROD0029,CUST00284,26-08-2025,Changed Mind,3939.90
RET00204,ORD001810,OI003740,PROD0049,CUST00465,20-03-2025,Quality Issue,385.74
RET00205,ORD001818,OI003755,PROD0020,CUST00122,26-11-2024,Size/Fit Issue,4668.41
RET00206,ORD001820,OI003759,PROD0044,CUST00119,06-01-2026,Wrong Item Delivered,622.30
RET00207,ORD001823,OI003767,PROD0013,CUST00422,18-06-2025,Better Price Found Elsewhere,4749.04
RET00208,ORD001844,OI003805,PROD0040,CUST00459,23-08-2025,Wrong Item Delivered,4780.19
RET00209,ORD001850,OI003816,PROD0011,CUST00502,23-09-2024,Product Damaged,1091.80
RET00210,ORD001871,OI003857,PROD0007,CUST00072,22-11-2024,Changed Mind,7195.05
RET00211,ORD001881,OI003877,PROD0049,CUST00299,26-12-2025,Wrong Item Delivered,482.17
RET00212,ORD001894,OI003901,PROD0011,CUST00296,04-03-2024,Size/Fit Issue,1364.75
RET00213,ORD001908,OI003928,PROD0034,CUST00558,13-10-2025,Quality Issue,623.00
RET00214,ORD001909,OI003929,PROD0031,CUST00279,08-11-2025,Size/Fit Issue,733.54
RET00215,ORD001916,OI003942,PROD0004,CUST00176,25-09-2025,Product Damaged,3942.00
RET00216,ORD001939,OI003999,PROD0029,CUST00589,25-04-2025,Quality Issue,4147.26
RET00217,ORD001947,OI004015,PROD0044,CUST00489,21-07-2025,Changed Mind,311.15
RET00218,ORD001950,OI004022,PROD0030,CUST00463,21-09-2024,Not as Described,1042.42
RET00219,ORD001954,OI004032,PROD0013,CUST00445,08-08-2025,Wrong Item Delivered,4749.04
RET00220,ORD001958,OI004039,PROD0009,CUST00537,16-03-2025,Better Price Found Elsewhere,6834.66
RET00221,ORD001959,OI004041,PROD0050,CUST00403,22-12-2024,Not as Described,637.73
RET00222,ORD001965,OI004060,PROD0030,CUST00061,14-03-2025,Product Damaged,1100.33
RET00223,ORD001975,OI004080,PROD0049,CUST00570,21-03-2024,Quality Issue,433.95
RET00224,ORD001986,OI004098,PROD0024,CUST00414,11-04-2024,Changed Mind,3144.31
RET00225,ORD002001,OI004124,PROD0013,CUST00288,15-02-2025,Product Damaged,1899.62
RET00226,ORD002013,OI004148,PROD0034,CUST00179,27-03-2025,Not as Described,560.70
RET00227,ORD002015,OI004151,PROD0011,CUST00523,12-07-2025,Wrong Item Delivered,1228.28
RET00228,ORD002046,OI004229,PROD0004,CUST00496,07-05-2025,Changed Mind,3942.00
RET00229,ORD002048,OI004232,PROD0012,CUST00370,13-01-2025,Wrong Item Delivered,1572.60
RET00230,ORD002057,OI004248,PROD0023,CUST00277,31-05-2025,Changed Mind,2035.65
RET00231,ORD002061,OI004253,PROD0049,CUST00576,26-11-2025,Not as Described,482.17
RET00232,ORD002063,OI004261,PROD0032,CUST00434,14-01-2024,Quality Issue,1362.85
RET00233,ORD002119,OI004375,PROD0032,CUST00468,20-11-2025,Size/Fit Issue,1603.35
RET00234,ORD002125,OI004389,PROD0050,CUST00352,16-12-2025,Better Price Found Elsewhere,1275.46
RET00235,ORD002128,OI004393,PROD0044,CUST00434,18-12-2025,Size/Fit Issue,311.15
RET00236,ORD002132,OI004401,PROD0039,CUST00346,13-07-2025,Not as Described,1362.14
RET00237,ORD002154,OI004448,PROD0049,CUST00423,07-11-2025,Not as Described,482.17
RET00238,ORD002159,OI004462,PROD0044,CUST00314,10-09-2025,Product Damaged,295.59
RET00239,ORD002168,OI004481,PROD0044,CUST00448,20-03-2024,Not as Described,311.15
RET00240,ORD002172,OI004488,PROD0050,CUST00152,30-08-2025,Not as Described,750.27
RET00241,ORD002176,OI004496,PROD0038,CUST00206,05-07-2025,Product Damaged,5743.70
RET00242,ORD002178,OI004502,PROD0030,CUST00587,20-10-2025,Better Price Found Elsewhere,1158.24
RET00243,ORD002180,OI004505,PROD0008,CUST00240,11-10-2025,Not as Described,1111.28
RET00244,ORD002182,OI004509,PROD0045,CUST00316,24-02-2025,Changed Mind,2538.11
RET00245,ORD002231,OI004614,PROD0049,CUST00550,15-06-2025,Wrong Item Delivered,482.17
RET00246,ORD002235,OI004622,PROD0049,CUST00122,14-07-2025,Quality Issue,916.12
RET00247,ORD002239,OI004631,PROD0034,CUST00573,27-04-2025,Changed Mind,623.00
RET00248,ORD002260,OI004676,PROD0013,CUST00279,05-11-2025,Product Damaged,1899.62
RET00249,ORD002265,OI004685,PROD0049,CUST00299,06-05-2024,Quality Issue,964.34
RET00250,ORD002291,OI004741,PROD0041,CUST00348,01-12-2025,Wrong Item Delivered,1650.49
RET00251,ORD002295,OI004747,PROD0013,CUST00313,15-07-2025,Quality Issue,7123.56
RET00252,ORD002313,OI004785,PROD0044,CUST00434,11-06-2025,Better Price Found Elsewhere,264.48
RET00253,ORD002317,OI004797,PROD0029,CUST00339,30-03-2025,Size/Fit Issue,5909.85
RET00254,ORD002324,OI004807,PROD0003,CUST00361,28-11-2025,Not as Described,3142.61
RET00255,ORD002333,OI004823,PROD0011,CUST00445,16-06-2024,Not as Described,2593.02
RET00256,ORD002344,OI004846,PROD0013,CUST00405,11-04-2025,Not as Described,2374.52
RET00257,ORD002357,OI004870,PROD0022,CUST00249,18-05-2024,Better Price Found Elsewhere,2644.70
RET00258,ORD002363,OI004883,PROD0044,CUST00329,26-11-2024,Size/Fit Issue,560.07
RET00259,ORD002364,OI004884,PROD0007,CUST00157,20-11-2024,Better Price Found Elsewhere,2398.35
RET00260,ORD002374,OI004908,PROD0007,CUST00247,03-08-2024,Wrong Item Delivered,2038.60
RET00261,ORD002375,OI004909,PROD0040,CUST00329,19-10-2024,Not as Described,4514.62
RET00262,ORD002380,OI004921,PROD0018,CUST00304,15-05-2025,Better Price Found Elsewhere,4185.64
RET00263,ORD002382,OI004924,PROD0049,CUST00380,13-09-2025,Changed Mind,482.17
RET00264,ORD002391,OI004944,PROD0001,CUST00172,01-08-2024,Quality Issue,2830.04
RET00265,ORD002406,OI004984,PROD0050,CUST00464,22-12-2024,Better Price Found Elsewhere,750.27
RET00266,ORD002416,OI005002,PROD0006,CUST00038,24-02-2025,Not as Described,657.82
RET00267,ORD002430,OI005031,PROD0020,CUST00355,26-11-2025,Size/Fit Issue,4914.12
RET00268,ORD002439,OI005048,PROD0050,CUST00313,02-11-2025,Product Damaged,1200.43
RET00269,ORD002450,OI005069,PROD0007,CUST00286,08-09-2025,Quality Issue,4796.70
RET00270,ORD002467,OI005109,PROD0050,CUST00598,30-07-2025,Changed Mind,712.76
RET00271,ORD002475,OI005128,PROD0049,CUST00510,13-10-2025,Changed Mind,458.06
RET00272,ORD002478,OI005133,PROD0049,CUST00428,20-07-2025,Not as Described,409.84
RET00273,ORD002488,OI005161,PROD0040,CUST00236,23-11-2024,Size/Fit Issue,9560.38
RET00274,ORD002504,OI005197,PROD0007,CUST00448,08-01-2025,Size/Fit Issue,4556.86
RET00275,ORD002508,OI005204,PROD0007,CUST00365,27-06-2025,Wrong Item Delivered,2398.35
RET00276,ORD002519,OI005227,PROD0007,CUST00502,29-11-2024,Better Price Found Elsewhere,2038.60
RET00277,ORD002522,OI005233,PROD0007,CUST00332,26-03-2024,Better Price Found Elsewhere,2278.43
RET00278,ORD002524,OI005235,PROD0013,CUST00142,29-11-2025,Quality Issue,2018.34
RET00279,ORD002532,OI005255,PROD0028,CUST00014,19-11-2025,Size/Fit Issue,14675.17
RET00280,ORD002533,OI005257,PROD0007,CUST00072,01-05-2025,Changed Mind,4317.03
RET00281,ORD002547,OI005287,PROD0040,CUST00445,24-06-2024,Changed Mind,9029.24
RET00282,ORD002558,OI005305,PROD0013,CUST00051,10-06-2024,Changed Mind,2374.52
RET00283,ORD002573,OI005340,PROD0013,CUST00277,13-09-2025,Size/Fit Issue,2374.52
RET00284,ORD002575,OI005343,PROD0040,CUST00445,11-07-2025,Product Damaged,5311.32
RET00285,ORD002581,OI005355,PROD0011,CUST00041,08-11-2024,Product Damaged,2320.07
RET00286,ORD002583,OI005357,PROD0013,CUST00368,28-05-2025,Quality Issue,2018.34
RET00287,ORD002584,OI005361,PROD0013,CUST00287,26-06-2024,Product Damaged,2374.52
RET00288,ORD002585,OI005363,PROD0013,CUST00464,18-06-2025,Size/Fit Issue,2255.79
RET00289,ORD002633,OI005471,PROD0013,CUST00350,15-08-2025,Changed Mind,2374.52
RET00290,ORD002654,OI005515,PROD0050,CUST00329,12-10-2025,Not as Described,1500.54
RET00291,ORD002659,OI005523,PROD0050,CUST00507,22-12-2024,Quality Issue,750.27
RET00292,ORD002678,OI005559,PROD0050,CUST00373,18-08-2024,Not as Described,1500.54
RET00293,ORD002687,OI005574,PROD0044,CUST00279,02-11-2025,Better Price Found Elsewhere,886.78
RET00294,ORD002692,OI005584,PROD0044,CUST00448,12-10-2025,Changed Mind,311.15
RET00295,ORD002699,OI005605,PROD0009,CUST00041,09-12-2025,Product Damaged,6115.22
RET00296,ORD002705,OI005613,PROD0035,CUST00141,18-01-2025,Product Damaged,4369.41
RET00297,ORD002713,OI005631,PROD0037,CUST00035,01-09-2025,Changed Mind,1134.82
RET00298,ORD002723,OI005648,PROD0030,CUST00079,31-07-2025,Wrong Item Delivered,1853.18
RET00299,ORD002733,OI005660,PROD0046,CUST00533,28-11-2025,Changed Mind,850.16
RET00300,ORD002763,OI005725,PROD0049,CUST00319,07-07-2025,Not as Described,964.34
RET00301,ORD002775,OI005752,PROD0004,CUST00530,05-02-2025,Quality Issue,3942.00
RET00302,ORD002777,OI005755,PROD0043,CUST00493,07-07-2025,Not as Described,2768.56
RET00303,ORD002780,OI005764,PROD0007,CUST00299,21-07-2024,Wrong Item Delivered,2038.60
RET00304,ORD002788,OI005784,PROD0039,CUST00162,08-11-2025,Product Damaged,681.07
RET00305,ORD002793,OI005798,PROD0020,CUST00010,13-06-2025,Product Damaged,4668.41
RET00306,ORD002801,OI005812,PROD0019,CUST00299,31-12-2025,Wrong Item Delivered,957.50
RET00307,ORD002818,OI005842,PROD0033,CUST00405,04-12-2024,Quality Issue,2028.14
RET00308,ORD002842,OI005900,PROD0037,CUST00102,17-08-2025,Size/Fit Issue,1929.19
RET00309,ORD002859,OI005939,PROD0015,CUST00094,29-11-2024,Changed Mind,1250.54
RET00310,ORD002861,OI005942,PROD0020,CUST00560,11-06-2024,Better Price Found Elsewhere,9828.24
RET00311,ORD002870,OI005964,PROD0006,CUST00421,01-05-2025,Changed Mind,1315.64
RET00312,ORD002881,OI005985,PROD0025,CUST00500,23-11-2025,Changed Mind,2541.47
RET00313,ORD002883,OI005990,PROD0013,CUST00085,27-05-2025,Wrong Item Delivered,2255.79
RET00314,ORD002889,OI006004,PROD0049,CUST00104,29-12-2024,Size/Fit Issue,1446.51
RET00315,ORD002891,OI006007,PROD0007,CUST00166,23-04-2025,Changed Mind,4796.70
RET00316,ORD002910,OI006050,PROD0049,CUST00279,12-10-2025,Quality Issue,385.74
RET00317,ORD002920,OI006068,PROD0050,CUST00180,07-06-2025,Product Damaged,712.76
RET00318,ORD002928,OI006088,PROD0013,CUST00463,23-06-2025,Wrong Item Delivered,2374.52
RET00319,ORD002929,OI006093,PROD0050,CUST00453,26-12-2024,Quality Issue,1350.49
RET00320,ORD002938,OI006113,PROD0024,CUST00279,12-11-2025,Wrong Item Delivered,2969.63
RET00321,ORD002951,OI006138,PROD0029,CUST00090,28-03-2025,Not as Described,1866.27
RET00322,ORD002955,OI006147,PROD0049,CUST00434,02-04-2024,Size/Fit Issue,482.17
RET00323,ORD002959,OI006158,PROD0010,CUST00225,17-11-2025,Changed Mind,12374.91
RET00324,ORD002962,OI006166,PROD0033,CUST00515,31-03-2025,Quality Issue,2386.05
RET00325,ORD002966,OI006173,PROD0044,CUST00480,30-12-2025,Quality Issue,622.30
RET00326,ORD003004,OI006249,PROD0011,CUST00404,26-12-2025,Better Price Found Elsewhere,4094.25
RET00327,ORD003009,OI006257,PROD0046,CUST00039,30-05-2025,Wrong Item Delivered,382.57
RET00328,ORD003037,OI006310,PROD0049,CUST00434,21-03-2024,Size/Fit Issue,458.06
RET00329,ORD003042,OI006323,PROD0006,CUST00339,06-07-2025,Quality Issue,592.04
RET00330,ORD003043,OI006324,PROD0032,CUST00145,08-01-2025,Size/Fit Issue,1443.02
RET00331,ORD003045,OI006329,PROD0050,CUST00391,19-10-2024,Product Damaged,637.73
RET00332,ORD003066,OI006379,PROD0031,CUST00585,28-02-2025,Better Price Found Elsewhere,1639.68
RET00333,ORD003084,OI006413,PROD0020,CUST00313,23-01-2025,Changed Mind,9828.24
RET00334,ORD003085,OI006417,PROD0040,CUST00445,16-11-2024,Not as Described,5311.32
RET00335,ORD003086,OI006419,PROD0044,CUST00206,02-08-2024,Product Damaged,311.15
RET00336,ORD003090,OI006427,PROD0007,CUST00468,22-06-2024,Quality Issue,2398.35
RET00337,ORD003093,OI006431,PROD0049,CUST00415,27-04-2025,Product Damaged,458.06
RET00338,ORD003094,OI006432,PROD0039,CUST00236,11-11-2025,Size/Fit Issue,681.07
RET00339,ORD003107,OI006460,PROD0013,CUST00131,01-06-2025,Quality Issue,2255.79
RET00340,ORD003115,OI006474,PROD0031,CUST00045,08-06-2025,Better Price Found Elsewhere,2459.52
RET00341,ORD003121,OI006489,PROD0046,CUST00264,16-08-2025,Size/Fit Issue,403.83
RET00342,ORD003133,OI006519,PROD0023,CUST00391,31-10-2024,Quality Issue,1821.37
RET00343,ORD003151,OI006554,PROD0025,CUST00327,22-07-2024,Size/Fit Issue,1494.98
RET00344,ORD003155,OI006560,PROD0040,CUST00132,04-10-2024,Changed Mind,4514.62
RET00345,ORD003174,OI006598,PROD0044,CUST00049,27-03-2025,Quality Issue,622.30
RET00346,ORD003183,OI006617,PROD0040,CUST00091,24-08-2025,Better Price Found Elsewhere,4780.19
RET00347,ORD003196,OI006642,PROD0050,CUST00304,12-03-2024,Size/Fit Issue,750.27
RET00348,ORD003197,OI006643,PROD0007,CUST00559,22-03-2025,Changed Mind,2038.60
RET00349,ORD003200,OI006649,PROD0011,CUST00376,13-02-2025,Changed Mind,1160.04
RET00350,ORD003214,OI006679,PROD0007,CUST00138,10-07-2025,Changed Mind,3837.36
RET00351,ORD003223,OI006693,PROD0023,CUST00361,29-11-2025,Wrong Item Delivered,4285.58
RET00352,ORD003244,OI006732,PROD0013,CUST00119,09-12-2025,Product Damaged,2374.52
RET00353,ORD003247,OI006737,PROD0049,CUST00502,12-09-2024,Changed Mind,385.74
RET00354,ORD003264,OI006775,PROD0031,CUST00313,08-07-2024,Quality Issue,862.99
RET00355,ORD003296,OI006836,PROD0007,CUST00425,16-03-2025,Wrong Item Delivered,2398.35
RET00356,ORD003302,OI006848,PROD0013,CUST00475,23-01-2025,Quality Issue,2137.07
RET00357,ORD003306,OI006855,PROD0021,CUST00230,03-07-2024,Quality Issue,3340.76
RET00358,ORD003310,OI006862,PROD0050,CUST00553,17-05-2025,Better Price Found Elsewhere,750.27
RET00359,ORD003311,OI006866,PROD0029,CUST00020,18-11-2024,Not as Described,1866.27
RET00360,ORD003318,OI006881,PROD0050,CUST00421,05-04-2024,Better Price Found Elsewhere,600.22
RET00361,ORD003333,OI006906,PROD0007,CUST00036,28-08-2024,Better Price Found Elsewhere,2278.43
RET00362,ORD003343,OI006934,PROD0004,CUST00309,27-12-2024,Product Damaged,1971.00
RET00363,ORD003344,OI006936,PROD0044,CUST00157,12-10-2025,Wrong Item Delivered,933.45
RET00364,ORD003358,OI006961,PROD0020,CUST00054,04-07-2025,Changed Mind,3931.30
RET00365,ORD003382,OI007008,PROD0040,CUST00434,28-04-2025,Not as Described,4514.62
RET00366,ORD003401,OI007040,PROD0050,CUST00240,28-12-2025,Not as Described,1425.51
RET00367,ORD003412,OI007057,PROD0020,CUST00035,04-09-2025,Size/Fit Issue,8845.42
RET00368,ORD003426,OI007083,PROD0049,CUST00209,24-07-2025,Changed Mind,482.17
RET00369,ORD003431,OI007094,PROD0020,CUST00268,13-03-2025,Not as Described,4668.41
RET00370,ORD003434,OI007100,PROD0049,CUST00279,10-11-2025,Not as Described,482.17
RET00371,ORD003435,OI007101,PROD0049,CUST00162,22-03-2025,Changed Mind,916.12
RET00372,ORD003437,OI007106,PROD0013,CUST00072,26-11-2024,Wrong Item Delivered,7123.56
RET00373,ORD003438,OI007107,PROD0039,CUST00405,06-11-2024,Size/Fit Issue,1634.57
RET00374,ORD003460,OI007153,PROD0024,CUST00600,07-06-2024,Quality Issue,6987.36
RET00375,ORD003464,OI007161,PROD0007,CUST00418,03-11-2025,Product Damaged,4796.70
RET00376,ORD003475,OI007184,PROD0050,CUST00591,23-09-2024,Quality Issue,600.22
RET00377,ORD003486,OI007208,PROD0013,CUST00425,10-06-2024,Quality Issue,2255.79
RET00378,ORD003488,OI007214,PROD0049,CUST00412,02-11-2024,Wrong Item Delivered,482.17
RET00379,ORD003495,OI007228,PROD0032,CUST00558,05-06-2025,Not as Described,3848.04
RET00380,ORD003497,OI007231,PROD0040,CUST00251,28-04-2025,Quality Issue,5311.32
RET00381,ORD003505,OI007247,PROD0013,CUST00056,05-06-2025,Better Price Found Elsewhere,2374.52
RET00382,ORD003515,OI007271,PROD0037,CUST00354,13-03-2025,Product Damaged,1021.34
RET00383,ORD003520,OI007279,PROD0037,CUST00279,29-10-2025,Quality Issue,1134.82
RET00384,ORD003525,OI007288,PROD0031,CUST00425,08-04-2024,Wrong Item Delivered,862.99
RET00385,ORD003529,OI007295,PROD0050,CUST00230,29-11-2024,Better Price Found Elsewhere,1350.49
RET00386,ORD003535,OI007314,PROD0044,CUST00094,20-12-2025,Product Damaged,793.43
RET00387,ORD003537,OI007320,PROD0013,CUST00212,09-01-2025,Wrong Item Delivered,2374.52
RET00388,ORD003542,OI007333,PROD0049,CUST00279,29-10-2025,Size/Fit Issue,385.74
RET00389,ORD003555,OI007356,PROD0034,CUST00326,25-08-2025,Wrong Item Delivered,623.00
RET00390,ORD003558,OI007364,PROD0023,CUST00193,25-02-2025,Size/Fit Issue,1821.37
RET00391,ORD003561,OI007370,PROD0009,CUST00017,17-03-2024,Changed Mind,6834.66
RET00392,ORD003564,OI007377,PROD0031,CUST00568,24-11-2024,Changed Mind,819.84
RET00393,ORD003589,OI007429,PROD0050,CUST00021,11-09-2025,Product Damaged,712.76
RET00394,ORD003638,OI007515,PROD0049,CUST00329,13-10-2024,Quality Issue,867.91
RET00395,ORD003642,OI007519,PROD0025,CUST00309,12-10-2025,Quality Issue,1494.98
RET00396,ORD003650,OI007533,PROD0049,CUST00455,25-08-2025,Changed Mind,385.74
RET00397,ORD003655,OI007548,PROD0007,CUST00421,17-09-2025,Quality Issue,4796.70
RET00398,ORD003659,OI007556,PROD0014,CUST00388,24-07-2024,Better Price Found Elsewhere,2206.12
RET00399,ORD003665,OI007568,PROD0023,CUST00275,28-10-2025,Wrong Item Delivered,4285.58
RET00400,ORD003667,OI007574,PROD0031,CUST00434,01-12-2025,Wrong Item Delivered,862.99
RET00401,ORD003677,OI007595,PROD0029,CUST00558,13-08-2025,Size/Fit Issue,4147.26
RET00402,ORD003689,OI007611,PROD0049,CUST00072,11-09-2025,Product Damaged,964.34
RET00403,ORD003697,OI007627,PROD0049,CUST00279,30-10-2025,Wrong Item Delivered,385.74
RET00404,ORD003699,OI007631,PROD0049,CUST00196,13-06-2025,Size/Fit Issue,385.74
RET00405,ORD003707,OI007642,PROD0013,CUST00175,08-09-2025,Not as Described,7123.56
RET00406,ORD003716,OI007659,PROD0031,CUST00136,14-11-2025,Changed Mind,1639.68
RET00407,ORD003726,OI007674,PROD0007,CUST00380,30-12-2025,Size/Fit Issue,2398.35
RET00408,ORD003738,OI007699,PROD0008,CUST00286,29-08-2025,Better Price Found Elsewhere,944.59
RET00409,ORD003747,OI007716,PROD0040,CUST00422,30-07-2025,Quality Issue,5311.32
RET00410,ORD003752,OI007725,PROD0023,CUST00056,18-06-2024,Quality Issue,2142.79
RET00411,ORD003756,OI007731,PROD0034,CUST00035,23-08-2025,Wrong Item Delivered,623.00
RET00412,ORD003796,OI007807,PROD0044,CUST00342,17-05-2025,Quality Issue,560.07
RET00413,ORD003799,OI007815,PROD0006,CUST00106,07-02-2025,Wrong Item Delivered,1315.64
RET00414,ORD003834,OI007880,PROD0031,CUST00340,14-12-2025,Quality Issue,776.69
RET00415,ORD003854,OI007921,PROD0043,CUST00547,23-12-2025,Size/Fit Issue,2914.27
RET00416,ORD003856,OI007928,PROD0024,CUST00356,16-12-2024,Product Damaged,6987.36
RET00417,ORD003870,OI007950,PROD0020,CUST00072,11-08-2025,Product Damaged,4668.41
RET00418,ORD003882,OI007974,PROD0007,CUST00003,17-12-2024,Not as Described,4796.70
RET00419,ORD003883,OI007975,PROD0049,CUST00346,06-08-2025,Changed Mind,482.17
RET00420,ORD003887,OI007983,PROD0049,CUST00279,16-10-2025,Product Damaged,1446.51
RET00421,ORD003894,OI007993,PROD0049,CUST00032,26-06-2025,Changed Mind,916.12
RET00422,ORD003904,OI008012,PROD0049,CUST00286,26-12-2025,Quality Issue,482.17
RET00423,ORD003905,OI008015,PROD0021,CUST00552,17-12-2025,Product Damaged,3173.72
RET00424,ORD003910,OI008022,PROD0007,CUST00595,29-10-2025,Size/Fit Issue,2398.35
RET00425,ORD003916,OI008034,PROD0040,CUST00094,03-09-2024,Product Damaged,4249.06
RET00426,ORD003917,OI008036,PROD0017,CUST00275,22-11-2025,Not as Described,4778.51
RET00427,ORD003930,OI008065,PROD0049,CUST00491,24-06-2025,Wrong Item Delivered,482.17
RET00428,ORD003935,OI008074,PROD0049,CUST00375,07-09-2025,Wrong Item Delivered,458.06
RET00429,ORD003937,OI008081,PROD0042,CUST00552,18-09-2025,Wrong Item Delivered,6036.93
RET00430,ORD003945,OI008095,PROD0021,CUST00053,06-03-2024,Quality Issue,3173.72
RET00431,ORD003955,OI008113,PROD0049,CUST00396,30-03-2025,Product Damaged,482.17
RET00432,ORD003965,OI008135,PROD0013,CUST00098,27-08-2025,Better Price Found Elsewhere,7123.56
RET00433,ORD003966,OI008136,PROD0013,CUST00014,29-11-2025,Wrong Item Delivered,2255.79
RET00434,ORD003968,OI008138,PROD0014,CUST00273,14-10-2025,Better Price Found Elsewhere,5515.30
RET00435,ORD003972,OI008148,PROD0007,CUST00022,24-02-2024,Not as Described,2278.43
RET00436,ORD003980,OI008165,PROD0006,CUST00405,12-11-2024,Changed Mind,624.93
RET00437,ORD003984,OI008170,PROD0019,CUST00115,15-04-2024,Better Price Found Elsewhere,1627.75
RET00438,ORD003986,OI008174,PROD0049,CUST00558,28-09-2024,Wrong Item Delivered,819.69
RET00439,ORD003995,OI008195,PROD0040,CUST00516,09-06-2025,Size/Fit Issue,10091.51
RET00440,ORD004015,OI008234,PROD0033,CUST00240,23-10-2025,Quality Issue,2386.05
RET00441,ORD004025,OI008253,PROD0040,CUST00142,13-09-2024,Product Damaged,8498.11
RET00442,ORD004026,OI008254,PROD0040,CUST00147,23-11-2025,Quality Issue,10622.64
RET00443,ORD004038,OI008287,PROD0020,CUST00427,16-12-2024,Product Damaged,3931.30
RET00444,ORD004041,OI008292,PROD0023,CUST00230,15-11-2025,Size/Fit Issue,2142.79
RET00445,ORD004042,OI008296,PROD0031,CUST00329,05-01-2026,Better Price Found Elsewhere,776.69
RET00446,ORD004045,OI008303,PROD0025,CUST00488,19-01-2024,Size/Fit Issue,4260.69
RET00447,ORD004061,OI008343,PROD0050,CUST00337,19-12-2024,Product Damaged,750.27
RET00448,ORD004065,OI008352,PROD0049,CUST00367,19-08-2024,Changed Mind,433.95
RET00449,ORD004075,OI008378,PROD0050,CUST00254,04-01-2025,Changed Mind,750.27
RET00450,ORD004077,OI008381,PROD0024,CUST00523,05-10-2025,Not as Described,6987.36
RET00451,ORD004085,OI008391,PROD0019,CUST00581,27-04-2025,Size/Fit Issue,813.88
RET00452,ORD004093,OI008404,PROD0031,CUST00022,20-12-2025,Not as Described,862.99
RET00453,ORD004118,OI008457,PROD0050,CUST00573,25-08-2024,Product Damaged,675.24
RET00454,ORD004124,OI008470,PROD0004,CUST00502,03-09-2024,Quality Issue,1971.00
RET00455,ORD004144,OI008512,PROD0024,CUST00373,10-12-2024,Not as Described,9956.99
RET00456,ORD004145,OI008513,PROD0007,CUST00391,29-07-2025,Size/Fit Issue,2278.43
RET00457,ORD004148,OI008519,PROD0049,CUST00558,29-12-2024,Better Price Found Elsewhere,482.17
RET00458,ORD004152,OI008525,PROD0050,CUST00462,18-09-2024,Wrong Item Delivered,2250.81
RET00459,ORD004161,OI008538,PROD0006,CUST00313,16-11-2025,Size/Fit Issue,657.82
RET00460,ORD004170,OI008558,PROD0007,CUST00573,08-05-2025,Product Damaged,7195.05
RET00461,ORD004181,OI008579,PROD0049,CUST00031,29-08-2024,Quality Issue,916.12
RET00462,ORD004182,OI008580,PROD0050,CUST00168,01-06-2024,Changed Mind,1500.54
RET00463,ORD004201,OI008624,PROD0019,CUST00323,10-09-2024,Size/Fit Issue,909.62
RET00464,ORD004216,OI008649,PROD0035,CUST00549,16-09-2025,Quality Issue,2184.71
RET00465,ORD004222,OI008658,PROD0007,CUST00117,24-11-2025,Not as Described,2158.52
RET00466,ORD004227,OI008670,PROD0040,CUST00580,22-02-2025,Better Price Found Elsewhere,5311.32
RET00467,ORD004239,OI008697,PROD0007,CUST00094,03-06-2025,Product Damaged,4556.86
RET00468,ORD004240,OI008700,PROD0043,CUST00597,18-11-2024,Wrong Item Delivered,5828.54
RET00469,ORD004254,OI008733,PROD0033,CUST00558,02-12-2025,Quality Issue,2386.05
RET00470,ORD004260,OI008750,PROD0050,CUST00194,07-10-2025,Wrong Item Delivered,1275.46
RET00471,ORD004270,OI008775,PROD0023,CUST00410,01-03-2025,Changed Mind,2035.65
RET00472,ORD004276,OI008785,PROD0040,CUST00502,21-09-2024,Better Price Found Elsewhere,4780.19
RET00473,ORD004307,OI008860,PROD0049,CUST00383,09-07-2025,Quality Issue,482.17
RET00474,ORD004321,OI008894,PROD0049,CUST00197,03-10-2025,Better Price Found Elsewhere,458.06
RET00475,ORD004344,OI008942,PROD0050,CUST00072,22-11-2024,Better Price Found Elsewhere,637.73
RET00476,ORD004351,OI008956,PROD0049,CUST00036,24-04-2024,Not as Described,819.69
RET00477,ORD004352,OI008958,PROD0020,CUST00157,11-02-2024,Quality Issue,12531.01
RET00478,ORD004359,OI008974,PROD0020,CUST00145,03-01-2025,Changed Mind,4177.00
RET00479,ORD004369,OI009004,PROD0007,CUST00467,07-02-2025,Changed Mind,2398.35
RET00480,ORD004386,OI009036,PROD0049,CUST00375,16-08-2025,Wrong Item Delivered,385.74
RET00481,ORD004400,OI009065,PROD0044,CUST00329,03-04-2024,Quality Issue,622.30
RET00482,ORD004406,OI009079,PROD0044,CUST00236,07-04-2025,Product Damaged,591.18
RET00483,ORD004418,OI009101,PROD0035,CUST00036,29-12-2024,Not as Described,2184.71
RET00484,ORD004419,OI009104,PROD0024,CUST00230,03-12-2024,Size/Fit Issue,3493.68
RET00485,ORD004450,OI009164,PROD0049,CUST00237,27-03-2025,Size/Fit Issue,482.17
RET00486,ORD004460,OI009185,PROD0007,CUST00406,26-10-2024,Wrong Item Delivered,2278.43
RET00487,ORD004464,OI009197,PROD0032,CUST00309,17-04-2024,Product Damaged,1603.35
RET00488,ORD004475,OI009224,PROD0020,CUST00029,12-07-2025,Better Price Found Elsewhere,4914.12
RET00489,ORD004477,OI009227,PROD0009,CUST00377,13-07-2024,Wrong Item Delivered,21583.14
RET00490,ORD004484,OI009236,PROD0007,CUST00536,22-02-2025,Product Damaged,2398.35
RET00491,ORD004494,OI009253,PROD0039,CUST00421,31-08-2024,Size/Fit Issue,544.86
RET00492,ORD004498,OI009262,PROD0050,CUST00410,21-03-2025,Product Damaged,1425.51
RET00493,ORD004501,OI009267,PROD0033,CUST00578,29-07-2025,Better Price Found Elsewhere,7158.15
RET00494,ORD004515,OI009294,PROD0011,CUST00163,21-09-2024,Not as Described,2320.07
RET00495,ORD004517,OI009297,PROD0006,CUST00343,20-09-2024,Changed Mind,1315.64
RET00496,ORD004528,OI009319,PROD0049,CUST00209,15-12-2025,Quality Issue,458.06
RET00497,ORD004530,OI009323,PROD0007,CUST00279,28-10-2025,Quality Issue,2398.35
RET00498,ORD004553,OI009366,PROD0018,CUST00400,03-03-2025,Better Price Found Elsewhere,4185.64
RET00499,ORD004559,OI009378,PROD0030,CUST00053,21-11-2025,Better Price Found Elsewhere,1100.33
RET00500,ORD004578,OI009409,PROD0004,CUST00335,14-11-2025,Quality Issue,1576.80
RET00501,ORD004597,OI009446,PROD0013,CUST00072,20-11-2024,Size/Fit Issue,2374.52
RET00502,ORD004602,OI009457,PROD0007,CUST00549,06-10-2025,Wrong Item Delivered,2398.35
RET00503,ORD004605,OI009464,PROD0007,CUST00184,21-09-2025,Not as Described,2158.52
RET00504,ORD004609,OI009475,PROD0049,CUST00313,06-04-2024,Not as Described,482.17
RET00505,ORD004619,OI009499,PROD0003,CUST00403,18-08-2024,Wrong Item Delivered,2828.35
RET00506,ORD004632,OI009531,PROD0014,CUST00333,16-04-2025,Wrong Item Delivered,2757.65
RET00507,ORD004637,OI009539,PROD0028,CUST00005,25-06-2025,Not as Described,7337.58
RET00508,ORD004647,OI009560,PROD0049,CUST00445,16-07-2025,Size/Fit Issue,409.84
RET00509,ORD004649,OI009565,PROD0013,CUST00118,14-07-2025,Not as Described,2374.52
RET00510,ORD004654,OI009573,PROD0049,CUST00559,13-03-2025,Quality Issue,433.95
RET00511,ORD004662,OI009587,PROD0040,CUST00558,11-04-2024,Wrong Item Delivered,4780.19
RET00512,ORD004675,OI009620,PROD0021,CUST00378,12-12-2024,Changed Mind,2839.65
RET00513,ORD004678,OI009623,PROD0013,CUST00396,03-09-2025,Changed Mind,2137.07
RET00514,ORD004685,OI009642,PROD0007,CUST00540,13-03-2025,Quality Issue,2398.35
RET00515,ORD004697,OI009661,PROD0011,CUST00240,07-01-2026,Product Damaged,2729.50
RET00516,ORD004704,OI009675,PROD0013,CUST00441,04-06-2025,Quality Issue,2374.52
RET00517,ORD004706,OI009681,PROD0049,CUST00061,31-07-2024,Quality Issue,964.34
RET00518,ORD004708,OI009685,PROD0050,CUST00265,04-01-2025,Better Price Found Elsewhere,637.73
RET00519,ORD004711,OI009696,PROD0050,CUST00106,29-01-2025,Quality Issue,1350.49
RET00520,ORD004718,OI009708,PROD0044,CUST00178,15-10-2024,Changed Mind,311.15
RET00521,ORD004729,OI009728,PROD0039,CUST00168,08-04-2025,Better Price Found Elsewhere,681.07
RET00522,ORD004730,OI009729,PROD0050,CUST00587,27-09-2025,Changed Mind,750.27
RET00523,ORD004746,OI009762,PROD0011,CUST00127,27-10-2024,Better Price Found Elsewhere,2593.02
RET00524,ORD004749,OI009770,PROD0013,CUST00378,25-02-2024,Better Price Found Elsewhere,2018.34
RET00525,ORD004754,OI009781,PROD0040,CUST00065,19-06-2025,Better Price Found Elsewhere,5311.32
RET00526,ORD004756,OI009786,PROD0049,CUST00382,02-12-2024,Size/Fit Issue,433.95
RET00527,ORD004767,OI009805,PROD0044,CUST00157,18-10-2024,Wrong Item Delivered,311.15
RET00528,ORD004775,OI009825,PROD0008,CUST00315,23-04-2024,Product Damaged,1111.28
RET00529,ORD004784,OI009841,PROD0007,CUST00526,10-09-2025,Product Damaged,2038.60
RET00530,ORD004793,OI009858,PROD0049,CUST00580,21-02-2025,Better Price Found Elsewhere,458.06
RET00531,ORD004817,OI009913,PROD0050,CUST00239,17-06-2025,Quality Issue,600.22
RET00532,ORD004819,OI009916,PROD0049,CUST00254,05-11-2025,Size/Fit Issue,482.17
RET00533,ORD004824,OI009930,PROD0044,CUST00348,09-10-2025,Wrong Item Delivered,280.03
RET00534,ORD004839,OI009955,PROD0029,CUST00442,02-08-2025,Quality Issue,1969.95
RET00535,ORD004859,OI009994,PROD0034,CUST00549,30-09-2025,Better Price Found Elsewhere,560.70
RET00536,ORD004872,OI010016,PROD0024,CUST00223,17-01-2025,Quality Issue,9432.94
RET00537,ORD004873,OI010018,PROD0049,CUST00309,12-08-2024,Changed Mind,458.06
RET00538,ORD004874,OI010022,PROD0040,CUST00581,30-03-2025,Not as Described,4249.06
RET00539,ORD004875,OI010026,PROD0045,CUST00329,13-10-2025,Quality Issue,3406.42
RET00540,ORD004880,OI010034,PROD0049,CUST00279,20-11-2025,Size/Fit Issue,433.95
RET00541,ORD004881,OI010038,PROD0031,CUST00035,26-08-2025,Quality Issue,1380.78
RET00542,ORD004888,OI010050,PROD0005,CUST00185,04-06-2025,Better Price Found Elsewhere,2808.35
RET00543,ORD004891,OI010053,PROD0046,CUST00247,11-07-2024,Product Damaged,425.08
RET00544,ORD004894,OI010059,PROD0007,CUST00467,05-05-2025,Wrong Item Delivered,4796.70
RET00545,ORD004906,OI010087,PROD0007,CUST00143,16-02-2024,Size/Fit Issue,2278.43
RET00546,ORD004918,OI010109,PROD0040,CUST00499,09-08-2024,Quality Issue,15933.96
RET00547,ORD004921,OI010119,PROD0049,CUST00547,25-10-2025,Not as Described,482.17
RET00548,ORD004928,OI010140,PROD0013,CUST00600,17-09-2024,Changed Mind,2255.79
RET00549,ORD004946,OI010173,PROD0034,CUST00430,24-07-2025,Changed Mind,1183.70
RET00550,ORD004989,OI010274,PROD0049,CUST00558,18-12-2025,Better Price Found Elsewhere,433.95
RET00551,ORD005000,OI010297,PROD0020,CUST00207,24-06-2025,Better Price Found Elsewhere,4914.12
RET00552,ORD005001,OI010298,PROD0013,CUST00591,09-10-2024,Quality Issue,6411.20
RET00553,ORD005011,OI010320,PROD0049,CUST00416,02-11-2025,Product Damaged,409.84
RET00554,ORD005029,OI010359,PROD0028,CUST00294,06-09-2024,Size/Fit Issue,9171.98
RET00555,ORD005041,OI010386,PROD0040,CUST00041,06-10-2024,Wrong Item Delivered,10622.64
RET00556,ORD005064,OI010431,PROD0049,CUST00274,22-07-2024,Size/Fit Issue,458.06
RET00557,ORD005066,OI010434,PROD0023,CUST00184,17-05-2025,Wrong Item Delivered,2142.79
RET00558,ORD005092,OI010482,PROD0023,CUST00279,19-10-2025,Changed Mind,4071.30
RET00559,ORD005139,OI010588,PROD0029,CUST00328,26-04-2024,Not as Described,1658.90
RET00560,ORD005182,OI010663,PROD0049,CUST00232,21-12-2024,Product Damaged,458.06
RET00561,ORD005185,OI010666,PROD0013,CUST00116,04-04-2025,Size/Fit Issue,2374.52
RET00562,ORD005198,OI010695,PROD0007,CUST00035,15-09-2025,Wrong Item Delivered,4556.86
RET00563,ORD005200,OI010698,PROD0023,CUST00313,30-12-2024,Quality Issue,1821.37
RET00564,ORD005206,OI010708,PROD0007,CUST00480,05-07-2025,Quality Issue,6115.79
RET00565,ORD005208,OI010710,PROD0034,CUST00304,06-12-2025,Product Damaged,560.70
RET00566,ORD005220,OI010746,PROD0013,CUST00102,06-09-2025,Size/Fit Issue,2137.07
RET00567,ORD005223,OI010749,PROD0049,CUST00058,19-04-2025,Quality Issue,482.17
RET00568,ORD005225,OI010752,PROD0049,CUST00376,17-02-2025,Better Price Found Elsewhere,409.84
RET00569,ORD005228,OI010756,PROD0013,CUST00039,15-06-2025,Size/Fit Issue,4511.59
RET00570,ORD005239,OI010782,PROD0044,CUST00254,30-12-2024,Not as Described,264.48
RET00571,ORD005243,OI010789,PROD0050,CUST00441,21-12-2024,Better Price Found Elsewhere,1350.49
RET00572,ORD005261,OI010827,PROD0040,CUST00075,30-10-2024,Better Price Found Elsewhere,5311.32
RET00573,ORD005267,OI010833,PROD0042,CUST00317,20-12-2025,Better Price Found Elsewhere,2859.60
RET00574,ORD005276,OI010852,PROD0035,CUST00014,27-11-2025,Changed Mind,4599.38
RET00575,ORD005281,OI010862,PROD0007,CUST00404,17-05-2025,Size/Fit Issue,2278.43
RET00576,ORD005289,OI010872,PROD0050,CUST00157,28-06-2024,Changed Mind,1350.49
RET00577,ORD005294,OI010887,PROD0032,CUST00173,30-11-2025,Not as Described,3046.36
RET00578,ORD005296,OI010890,PROD0044,CUST00242,19-09-2024,Changed Mind,295.59
RET00579,ORD005299,OI010901,PROD0019,CUST00286,17-09-2025,Changed Mind,957.50
RET00580,ORD005302,OI010908,PROD0009,CUST00466,28-03-2025,Size/Fit Issue,6834.66
RET00581,ORD005304,OI010910,PROD0040,CUST00573,06-01-2025,Better Price Found Elsewhere,9029.24
RET00582,ORD005319,OI010938,PROD0049,CUST00445,21-12-2025,Better Price Found Elsewhere,867.91
RET00583,ORD005338,OI010981,PROD0031,CUST00518,17-04-2025,Better Price Found Elsewhere,1725.98
RET00584,ORD005345,OI010992,PROD0014,CUST00184,18-08-2025,Wrong Item Delivered,2344.00
RET00585,ORD005359,OI011022,PROD0038,CUST00434,09-06-2025,Changed Mind,4594.96
RET00586,ORD005360,OI011025,PROD0010,CUST00152,02-05-2024,Wrong Item Delivered,34940.93
RET00587,ORD005361,OI011029,PROD0044,CUST00576,21-01-2024,Product Damaged,280.03
RET00588,ORD005363,OI011035,PROD0007,CUST00575,16-04-2025,Not as Described,2158.52
RET00589,ORD005364,OI011043,PROD0029,CUST00226,29-11-2025,Better Price Found Elsewhere,3732.53
RET00590,ORD005368,OI011048,PROD0036,CUST00125,29-11-2024,Not as Described,3616.42
RET00591,ORD005374,OI011061,PROD0007,CUST00031,28-05-2025,Product Damaged,2038.60
RET00592,ORD005376,OI011064,PROD0049,CUST00041,22-02-2025,Product Damaged,771.47
RET00593,ORD005381,OI011073,PROD0040,CUST00057,21-03-2025,Size/Fit Issue,5045.75
RET00594,ORD005383,OI011075,PROD0049,CUST00345,23-04-2024,Better Price Found Elsewhere,458.06
RET00595,ORD005392,OI011098,PROD0014,CUST00209,09-11-2024,Better Price Found Elsewhere,8272.95
RET00596,ORD005396,OI011105,PROD0013,CUST00248,17-11-2025,Product Damaged,2374.52
RET00597,ORD005400,OI011117,PROD0007,CUST00072,30-11-2024,Changed Mind,2278.43
RET00598,ORD005402,OI011120,PROD0008,CUST00270,01-10-2024,Size/Fit Issue,1111.28
RET00599,ORD005413,OI011148,PROD0013,CUST00390,07-01-2026,Better Price Found Elsewhere,2255.79
RET00600,ORD005424,OI011166,PROD0011,CUST00169,17-03-2024,Size/Fit Issue,1228.28
RET00601,ORD005430,OI011176,PROD0013,CUST00502,08-10-2024,Changed Mind,2255.79
RET00602,ORD005454,OI011231,PROD0001,CUST00060,28-12-2024,Not as Described,2978.99
RET00603,ORD005456,OI011233,PROD0050,CUST00211,17-06-2025,Wrong Item Delivered,712.76
RET00604,ORD005459,OI011238,PROD0007,CUST00352,30-08-2025,Not as Described,2398.35
RET00605,ORD005461,OI011241,PROD0013,CUST00251,26-05-2024,Size/Fit Issue,2137.07
RET00606,ORD005468,OI011255,PROD0007,CUST00284,14-12-2025,Changed Mind,2278.43
RET00607,ORD005478,OI011276,PROD0024,CUST00045,10-11-2024,Changed Mind,3493.68
RET00608,ORD005480,OI011286,PROD0040,CUST00329,30-11-2025,Not as Described,15933.96
RET00609,ORD005497,OI011316,PROD0007,CUST00277,28-10-2025,Size/Fit Issue,3837.36
RET00610,ORD005498,OI011317,PROD0049,CUST00417,05-06-2025,Better Price Found Elsewhere,1229.53
RET00611,ORD005510,OI011336,PROD0007,CUST00299,05-07-2025,Wrong Item Delivered,2398.35
RET00612,ORD005527,OI011374,PROD0049,CUST00558,26-01-2025,Changed Mind,482.17
RET00613,ORD005531,OI011382,PROD0013,CUST00573,27-04-2024,Changed Mind,2018.34
RET00614,ORD005532,OI011383,PROD0013,CUST00278,06-08-2024,Wrong Item Delivered,2374.52
RET00615,ORD005534,OI011386,PROD0010,CUST00595,15-05-2025,Quality Issue,14558.72
RET00616,ORD005535,OI011388,PROD0002,CUST00027,09-12-2024,Better Price Found Elsewhere,8119.80
RET00617,ORD005536,OI011389,PROD0002,CUST00045,06-11-2024,Wrong Item Delivered,4273.58
RET00618,ORD005541,OI011402,PROD0032,CUST00408,10-10-2024,Changed Mind,1443.02
RET00619,ORD005543,OI011404,PROD0022,CUST00063,26-09-2025,Product Damaged,1469.28
RET00620,ORD005549,OI011414,PROD0012,CUST00269,10-11-2025,Not as Described,1572.60
RET00621,ORD005551,OI011419,PROD0019,CUST00299,18-11-2025,Better Price Found Elsewhere,1627.75
RET00622,ORD005556,OI011426,PROD0007,CUST00513,28-10-2025,Changed Mind,4796.70
RET00623,ORD005566,OI011445,PROD0049,CUST00467,15-12-2024,Wrong Item Delivered,964.34
RET00624,ORD005572,OI011460,PROD0005,CUST00335,18-11-2025,Quality Issue,1478.08
RET00625,ORD005576,OI011467,PROD0046,CUST00248,14-10-2025,Product Damaged,425.08
RET00626,ORD005595,OI011501,PROD0007,CUST00448,14-12-2025,Better Price Found Elsewhere,2398.35
RET00627,ORD005655,OI011635,PROD0040,CUST00345,20-11-2025,Wrong Item Delivered,9029.24
RET00628,ORD005656,OI011638,PROD0050,CUST00455,15-10-2025,Wrong Item Delivered,2025.73
RET00629,ORD005657,OI011642,PROD0029,CUST00090,06-04-2025,Not as Described,1762.59
RET00630,ORD005661,OI011647,PROD0007,CUST00359,22-02-2025,Better Price Found Elsewhere,2038.60
RET00631,ORD005664,OI011652,PROD0040,CUST00408,25-09-2024,Better Price Found Elsewhere,4249.06
RET00632,ORD005665,OI011654,PROD0032,CUST00281,15-03-2025,Not as Described,1603.35
RET00633,ORD005667,OI011659,PROD0032,CUST00047,26-11-2025,Quality Issue,3206.70
RET00634,ORD005669,OI011662,PROD0028,CUST00038,19-03-2025,Not as Described,9171.98
RET00635,ORD005678,OI011676,PROD0031,CUST00468,01-07-2024,Better Price Found Elsewhere,776.69
RET00636,ORD005691,OI011703,PROD0009,CUST00317,27-11-2024,Product Damaged,20503.98
RET00637,ORD005698,OI011714,PROD0044,CUST00266,15-01-2025,Size/Fit Issue,622.30
RET00638,ORD005705,OI011730,PROD0024,CUST00325,22-08-2025,Product Damaged,3493.68
RET00639,ORD005716,OI011760,PROD0007,CUST00157,13-07-2024,Better Price Found Elsewhere,2398.35
RET00640,ORD005719,OI011764,PROD0050,CUST00244,04-08-2025,Size/Fit Issue,637.73
RET00641,ORD005722,OI011770,PROD0007,CUST00051,25-10-2024,Wrong Item Delivered,2398.35
RET00642,ORD005725,OI011775,PROD0049,CUST00587,31-12-2024,Better Price Found Elsewhere,385.74
RET00643,ORD005730,OI011786,PROD0026,CUST00499,08-10-2024,Product Damaged,1087.82
RET00644,ORD005745,OI011814,PROD0011,CUST00039,31-05-2025,Changed Mind,2729.50
RET00645,ORD005754,OI011829,PROD0046,CUST00573,19-09-2025,Product Damaged,403.83
RET00646,ORD005760,OI011838,PROD0009,CUST00445,05-12-2024,Size/Fit Issue,7194.38
RET00647,ORD005772,OI011859,PROD0007,CUST00422,25-06-2024,Changed Mind,2038.60
RET00648,ORD005774,OI011863,PROD0013,CUST00142,09-01-2025,Not as Described,2374.52
RET00649,ORD005789,OI011887,PROD0049,CUST00119,08-01-2025,Quality Issue,1374.18
RET00650,ORD005813,OI011934,PROD0003,CUST00445,26-06-2024,Not as Described,2828.35
RET00651,ORD005815,OI011938,PROD0040,CUST00221,24-09-2025,Quality Issue,5311.32
RET00652,ORD005818,OI011945,PROD0011,CUST00072,15-12-2024,Better Price Found Elsewhere,1160.04
RET00653,ORD005834,OI011980,PROD0007,CUST00286,17-09-2025,Product Damaged,2398.35
RET00654,ORD005851,OI012013,PROD0034,CUST00002,20-08-2025,Changed Mind,560.70
RET00655,ORD005857,OI012024,PROD0009,CUST00240,26-10-2025,Product Damaged,7194.38
RET00656,ORD005864,OI012040,PROD0032,CUST00445,08-06-2025,Product Damaged,2886.03
RET00657,ORD005869,OI012051,PROD0050,CUST00595,01-06-2025,Wrong Item Delivered,750.27
RET00658,ORD005885,OI012078,PROD0034,CUST00162,23-12-2025,Quality Issue,560.70
RET00659,ORD005896,OI012099,PROD0008,CUST00405,11-03-2025,Changed Mind,1000.15
RET00660,ORD005901,OI012114,PROD0032,CUST00286,23-08-2025,Wrong Item Delivered,3046.36
RET00661,ORD005903,OI012116,PROD0007,CUST00453,19-08-2025,Product Damaged,2038.60
RET00662,ORD005908,OI012123,PROD0013,CUST00253,07-09-2025,Not as Described,2137.07
RET00663,ORD005910,OI012125,PROD0032,CUST00248,26-01-2024,Wrong Item Delivered,1362.85
RET00664,ORD005913,OI012133,PROD0031,CUST00279,10-12-2025,Wrong Item Delivered,862.99
RET00665,ORD005927,OI012162,PROD0028,CUST00541,03-08-2025,Changed Mind,9171.98
RET00666,ORD005928,OI012164,PROD0049,CUST00567,21-11-2024,Changed Mind,458.06
RET00667,ORD005971,OI012249,PROD0011,CUST00279,24-10-2025,Changed Mind,1364.75
RET00668,ORD005991,OI012290,PROD0044,CUST00434,23-06-2024,Not as Described,311.15
RET00669,ORD005993,OI012293,PROD0013,CUST00405,30-07-2025,Changed Mind,3799.23
RET00670,ORD006006,OI012322,PROD0007,CUST00173,19-12-2024,Not as Described,2398.35
RET00671,ORD006010,OI012333,PROD0034,CUST00122,23-04-2025,Not as Described,560.70
RET00672,ORD006011,OI012334,PROD0021,CUST00287,11-08-2025,Changed Mind,3340.76
RET00673,ORD006014,OI012339,PROD0031,CUST00157,16-06-2024,Wrong Item Delivered,1725.98
RET00674,ORD006020,OI012352,PROD0043,CUST00130,14-10-2025,Better Price Found Elsewhere,2914.27
RET00675,ORD006028,OI012364,PROD0040,CUST00122,26-12-2025,Quality Issue,15933.96
RET00676,ORD006046,OI012399,PROD0049,CUST00134,22-06-2025,Product Damaged,482.17
RET00677,ORD006085,OI012485,PROD0050,CUST00326,26-08-2025,Better Price Found Elsewhere,1500.54
RET00678,ORD006100,OI012516,PROD0034,CUST00172,10-12-2024,Better Price Found Elsewhere,623.00
RET00679,ORD006104,OI012523,PROD0032,CUST00279,24-11-2025,Size/Fit Issue,4810.05
RET00680,ORD006106,OI012526,PROD0031,CUST00172,22-08-2024,Size/Fit Issue,862.99
RET00681,ORD006112,OI012539,PROD0034,CUST00558,24-05-2025,Size/Fit Issue,591.85
RET00682,ORD006119,OI012552,PROD0026,CUST00033,01-09-2024,Product Damaged,1145.07
RET00683,ORD006121,OI012554,PROD0011,CUST00488,04-07-2025,Wrong Item Delivered,1091.80
RET00684,ORD006126,OI012564,PROD0050,CUST00035,07-09-2025,Size/Fit Issue,2250.81
RET00685,ORD006134,OI012577,PROD0037,CUST00168,03-10-2024,Changed Mind,2156.16
RET00686,ORD006138,OI012582,PROD0050,CUST00367,23-06-2025,Product Damaged,712.76
RET00687,ORD006144,OI012597,PROD0033,CUST00078,15-06-2025,Wrong Item Delivered,2386.05
RET00688,ORD006148,OI012602,PROD0009,CUST00573,14-05-2025,Changed Mind,5755.50
RET00689,ORD006154,OI012614,PROD0049,CUST00248,21-01-2024,Quality Issue,482.17
RET00690,ORD006166,OI012636,PROD0032,CUST00399,04-06-2025,Changed Mind,2725.70
RET00691,ORD006183,OI012667,PROD0044,CUST00502,29-12-2024,Product Damaged,280.03
RET00692,ORD006208,OI012722,PROD0050,CUST00595,26-05-2025,Better Price Found Elsewhere,600.22
RET00693,ORD006211,OI012730,PROD0035,CUST00145,28-10-2024,Size/Fit Issue,2184.71
RET00694,ORD006213,OI012733,PROD0050,CUST00251,08-01-2025,Not as Described,600.22
RET00695,ORD006225,OI012757,PROD0034,CUST00263,30-08-2025,Better Price Found Elsewhere,623.00
RET00696,ORD006245,OI012805,PROD0011,CUST00573,15-04-2024,Wrong Item Delivered,1364.75
RET00697,ORD006265,OI012842,PROD0023,CUST00063,28-08-2024,Not as Described,6428.37
RET00698,ORD006275,OI012860,PROD0049,CUST00526,28-10-2025,Better Price Found Elsewhere,867.91
RET00699,ORD006320,OI012954,PROD0012,CUST00313,28-05-2024,Wrong Item Delivered,1572.60
RET00700,ORD006325,OI012961,PROD0050,CUST00313,20-05-2025,Not as Described,600.22
RET00701,ORD006332,OI012975,PROD0049,CUST00445,09-09-2024,Better Price Found Elsewhere,458.06
RET00702,ORD006333,OI012979,PROD0021,CUST00173,18-12-2024,Not as Described,3006.68
RET00703,ORD006339,OI012990,PROD0025,CUST00592,17-10-2024,Product Damaged,1195.98
RET00704,ORD006349,OI013011,PROD0044,CUST00442,23-10-2025,Better Price Found Elsewhere,528.95
RET00705,ORD006355,OI013020,PROD0033,CUST00328,08-11-2025,Changed Mind,4294.89
RET00706,ORD006367,OI013049,PROD0011,CUST00365,10-07-2025,Wrong Item Delivered,1228.28
RET00707,ORD006371,OI013059,PROD0040,CUST00095,05-12-2024,Quality Issue,5311.32
RET00708,ORD006393,OI013105,PROD0044,CUST00385,16-10-2025,Better Price Found Elsewhere,280.03
RET00709,ORD006397,OI013111,PROD0006,CUST00526,14-03-2024,Better Price Found Elsewhere,592.04
RET00710,ORD006405,OI013127,PROD0007,CUST00405,24-11-2025,Quality Issue,4796.70
RET00711,ORD006421,OI013158,PROD0001,CUST00200,26-06-2025,Better Price Found Elsewhere,2681.09
RET00712,ORD006432,OI013182,PROD0032,CUST00338,25-09-2025,Not as Described,1603.35
RET00713,ORD006435,OI013188,PROD0039,CUST00172,19-10-2025,Quality Issue,1362.14
RET00714,ORD006441,OI013206,PROD0040,CUST00530,04-07-2025,Better Price Found Elsewhere,15137.26
RET00715,ORD006443,OI013208,PROD0031,CUST00035,13-09-2025,Not as Described,2459.52
RET00716,ORD006455,OI013230,PROD0011,CUST00577,29-06-2025,Quality Issue,1091.80
RET00717,ORD006471,OI013271,PROD0007,CUST00350,06-09-2025,Not as Described,2278.43
RET00718,ORD006493,OI013309,PROD0013,CUST00370,21-10-2025,Better Price Found Elsewhere,2137.07
RET00719,ORD006505,OI013330,PROD0013,CUST00233,13-11-2025,Size/Fit Issue,2374.52
RET00720,ORD006509,OI013338,PROD0013,CUST00049,22-03-2025,Not as Described,2374.52
RET00721,ORD006521,OI013353,PROD0013,CUST00467,19-11-2024,Better Price Found Elsewhere,2374.52
RET00722,ORD006535,OI013385,PROD0044,CUST00230,09-06-2024,Product Damaged,933.45
RET00723,ORD006540,OI013400,PROD0040,CUST00528,08-06-2025,Size/Fit Issue,4249.06
RET00724,ORD006552,OI013421,PROD0007,CUST00559,28-03-2025,Better Price Found Elsewhere,2398.35
RET00725,ORD006594,OI013507,PROD0001,CUST00228,26-10-2024,Not as Described,5957.98
RET00726,ORD006596,OI013510,PROD0043,CUST00487,22-05-2025,Better Price Found Elsewhere,5828.54
RET00727,ORD006604,OI013519,PROD0049,CUST00186,05-04-2024,Better Price Found Elsewhere,482.17
RET00728,ORD006607,OI013525,PROD0049,CUST00134,01-07-2025,Product Damaged,482.17
RET00729,ORD006609,OI013528,PROD0049,CUST00072,21-11-2024,Not as Described,482.17
RET00730,ORD006634,OI013576,PROD0046,CUST00157,07-11-2025,Product Damaged,425.08
RET00731,ORD006640,OI013584,PROD0011,CUST00289,15-06-2025,Wrong Item Delivered,2320.07
RET00732,ORD006654,OI013609,PROD0007,CUST00422,27-12-2024,Product Damaged,4077.20
RET00733,ORD006656,OI013611,PROD0049,CUST00463,07-11-2024,Product Damaged,482.17
RET00734,ORD006661,OI013624,PROD0049,CUST00023,07-01-2025,Better Price Found Elsewhere,964.34
RET00735,ORD006672,OI013650,PROD0031,CUST00223,16-03-2025,Wrong Item Delivered,776.69
RET00736,ORD006685,OI013680,PROD0049,CUST00423,06-11-2025,Changed Mind,385.74
RET00737,ORD006687,OI013686,PROD0049,CUST00162,30-06-2024,Size/Fit Issue,482.17
RET00738,ORD006690,OI013689,PROD0031,CUST00229,11-07-2025,Quality Issue,733.54
RET00739,ORD006697,OI013699,PROD0007,CUST00558,23-01-2024,Quality Issue,4796.70
RET00740,ORD006702,OI013709,PROD0042,CUST00176,13-06-2025,Better Price Found Elsewhere,5083.73
RET00741,ORD006704,OI013714,PROD0010,CUST00277,24-09-2025,Changed Mind,26205.70
RET00742,ORD006713,OI013728,PROD0044,CUST00043,01-12-2024,Wrong Item Delivered,311.15
RET00743,ORD006717,OI013740,PROD0023,CUST00303,05-11-2025,Wrong Item Delivered,3642.74
RET00744,ORD006730,OI013764,PROD0027,CUST00453,05-07-2024,Size/Fit Issue,6481.48
RET00745,ORD006747,OI013801,PROD0049,CUST00366,20-10-2025,Size/Fit Issue,458.06
RET00746,ORD006749,OI013806,PROD0007,CUST00367,01-01-2026,Quality Issue,4796.70
RET00747,ORD006752,OI013810,PROD0049,CUST00448,19-07-2024,Changed Mind,458.06
RET00748,ORD006756,OI013818,PROD0040,CUST00098,18-06-2025,Wrong Item Delivered,4780.19
RET00749,ORD006757,OI013822,PROD0035,CUST00403,16-11-2025,Wrong Item Delivered,3909.47
RET00750,ORD006770,OI013855,PROD0023,CUST00401,11-07-2024,Not as Described,1821.37
RET00751,ORD006802,OI013926,PROD0007,CUST00072,10-11-2024,Changed Mind,1918.68
RET00752,ORD006804,OI013934,PROD0044,CUST00063,23-07-2025,Changed Mind,311.15
RET00753,ORD006818,OI013963,PROD0007,CUST00426,24-03-2025,Not as Described,4556.86
RET00754,ORD006822,OI013969,PROD0029,CUST00275,03-05-2024,Not as Described,2073.63
RET00755,ORD006839,OI014007,PROD0006,CUST00326,12-07-2024,Wrong Item Delivered,657.82
RET00756,ORD006842,OI014013,PROD0049,CUST00279,21-12-2025,Quality Issue,482.17
RET00757,ORD006848,OI014030,PROD0032,CUST00485,06-01-2025,Wrong Item Delivered,3206.70
RET00758,ORD006849,OI014035,PROD0007,CUST00581,09-04-2025,Product Damaged,2158.52
RET00759,ORD006859,OI014050,PROD0029,CUST00275,23-11-2025,Size/Fit Issue,4147.26
RET00760,ORD006864,OI014057,PROD0046,CUST00277,15-02-2025,Quality Issue,340.06
RET00761,ORD006881,OI014095,PROD0049,CUST00445,01-04-2025,Wrong Item Delivered,964.34
RET00762,ORD006933,OI014210,PROD0049,CUST00251,31-05-2024,Not as Described,1229.53
RET00763,ORD006938,OI014225,PROD0050,CUST00559,12-11-2025,Product Damaged,750.27
RET00764,ORD006939,OI014227,PROD0013,CUST00506,18-02-2025,Changed Mind,2137.07
RET00765,ORD006949,OI014252,PROD0013,CUST00279,03-11-2025,Changed Mind,2137.07
RET00766,ORD006953,OI014259,PROD0002,CUST00434,02-07-2025,Quality Issue,3632.54
RET00767,ORD006955,OI014262,PROD0006,CUST00352,19-12-2025,Wrong Item Delivered,657.82
RET00768,ORD006971,OI014294,PROD0044,CUST00519,18-05-2025,Wrong Item Delivered,248.92
RET00769,ORD006986,OI014317,PROD0018,CUST00459,30-11-2025,Size/Fit Issue,3767.08
RET00770,ORD006996,OI014333,PROD0007,CUST00558,21-08-2025,Size/Fit Issue,2278.43
RET00771,ORD006999,OI014337,PROD0049,CUST00182,09-11-2025,Changed Mind,433.95
RET00772,ORD007006,OI014352,PROD0016,CUST00421,08-11-2024,Better Price Found Elsewhere,2151.12
RET00773,ORD007014,OI014367,PROD0020,CUST00548,08-10-2025,Changed Mind,4914.12
RET00774,ORD007028,OI014397,PROD0007,CUST00408,21-02-2025,Not as Described,2398.35
RET00775,ORD007029,OI014398,PROD0050,CUST00151,29-03-2025,Wrong Item Delivered,1350.49
RET00776,ORD007058,OI014458,PROD0013,CUST00313,28-02-2024,Not as Described,1899.62
RET00777,ORD007060,OI014462,PROD0029,CUST00405,27-11-2024,Product Damaged,1658.90
RET00778,ORD007077,OI014502,PROD0034,CUST00580,16-11-2025,Better Price Found Elsewhere,1495.20
RET00779,ORD007105,OI014562,PROD0018,CUST00539,14-05-2025,Not as Described,3557.79
RET00780,ORD007108,OI014572,PROD0028,CUST00371,03-08-2024,Not as Described,8713.38
RET00781,ORD007111,OI014580,PROD0030,CUST00247,22-02-2025,Product Damaged,2316.48
RET00782,ORD007120,OI014602,PROD0049,CUST00215,02-09-2025,Size/Fit Issue,482.17
RET00783,ORD007124,OI014610,PROD0031,CUST00214,07-10-2024,Product Damaged,1553.38
RET00784,ORD007125,OI014611,PROD0049,CUST00463,22-11-2024,Better Price Found Elsewhere,433.95
RET00785,ORD007142,OI014642,PROD0007,CUST00260,25-11-2024,Quality Issue,2278.43
RET00786,ORD007147,OI014654,PROD0013,CUST00002,11-11-2025,Wrong Item Delivered,2374.52
RET00787,ORD007153,OI014667,PROD0045,CUST00269,22-09-2025,Changed Mind,1335.85
RET00788,ORD007160,OI014680,PROD0049,CUST00013,07-08-2024,Size/Fit Issue,409.84
RET00789,ORD007178,OI014720,PROD0030,CUST00391,26-06-2024,Better Price Found Elsewhere,1100.33
RET00790,ORD007179,OI014723,PROD0049,CUST00279,14-10-2025,Wrong Item Delivered,409.84
RET00791,ORD007183,OI014735,PROD0050,CUST00369,09-04-2025,Product Damaged,750.27
RET00792,ORD007194,OI014758,PROD0050,CUST00029,25-11-2025,Wrong Item Delivered,750.27
RET00793,ORD007203,OI014777,PROD0050,CUST00023,14-11-2024,Size/Fit Issue,1275.46
RET00794,ORD007207,OI014783,PROD0044,CUST00133,08-04-2025,Not as Described,311.15
RET00795,ORD007247,OI014862,PROD0019,CUST00175,11-12-2024,Better Price Found Elsewhere,957.50
RET00796,ORD007252,OI014868,PROD0023,CUST00341,31-01-2025,Changed Mind,1714.23
RET00797,ORD007257,OI014878,PROD0044,CUST00573,15-04-2024,Quality Issue,591.18
RET00798,ORD007261,OI014885,PROD0049,CUST00186,21-06-2025,Quality Issue,433.95
RET00799,ORD007279,OI014918,PROD0032,CUST00229,22-09-2024,Product Damaged,3046.36
RET00800,ORD007287,OI014932,PROD0005,CUST00101,02-11-2025,Quality Issue,1478.08
RET00801,ORD007291,OI014943,PROD0020,CUST00072,23-12-2025,Changed Mind,4177.00
RET00802,ORD007307,OI014970,PROD0050,CUST00588,24-02-2025,Size/Fit Issue,750.27
RET00803,ORD007309,OI014972,PROD0050,CUST00476,15-06-2025,Wrong Item Delivered,750.27
RET00804,ORD007313,OI014979,PROD0007,CUST00574,22-11-2024,Size/Fit Issue,7195.05
RET00805,ORD007314,OI014980,PROD0050,CUST00236,29-07-2025,Changed Mind,750.27
RET00806,ORD007336,OI015028,PROD0049,CUST00573,17-11-2024,Changed Mind,458.06
RET00807,ORD007343,OI015038,PROD0024,CUST00350,10-08-2025,Size/Fit Issue,6288.62
RET00808,ORD007344,OI015039,PROD0002,CUST00379,12-10-2025,Better Price Found Elsewhere,3632.54
RET00809,ORD007352,OI015057,PROD0040,CUST00502,14-09-2024,Wrong Item Delivered,5311.32
RET00810,ORD007356,OI015070,PROD0049,CUST00038,01-03-2025,Wrong Item Delivered,482.17
RET00811,ORD007371,OI015098,PROD0013,CUST00380,22-07-2024,Not as Described,2374.52
RET00812,ORD007378,OI015115,PROD0013,CUST00513,25-09-2025,Quality Issue,2374.52
RET00813,ORD007381,OI015119,PROD0031,CUST00231,10-11-2025,Wrong Item Delivered,690.39
RET00814,ORD007384,OI015123,PROD0023,CUST00093,02-01-2025,Size/Fit Issue,2142.79
RET00815,ORD007391,OI015138,PROD0044,CUST00405,08-11-2024,Size/Fit Issue,295.59
RET00816,ORD007396,OI015149,PROD0040,CUST00495,20-07-2025,Better Price Found Elsewhere,5311.32
RET00817,ORD007407,OI015170,PROD0049,CUST00562,15-08-2024,Size/Fit Issue,385.74
RET00818,ORD007427,OI015220,PROD0031,CUST00502,21-09-2024,Better Price Found Elsewhere,862.99
RET00819,ORD007440,OI015247,PROD0032,CUST00460,31-12-2024,Not as Described,1362.85
RET00820,ORD007450,OI015268,PROD0001,CUST00248,30-07-2025,Product Damaged,2978.99
RET00821,ORD007451,OI015271,PROD0024,CUST00497,15-07-2024,Better Price Found Elsewhere,10481.04
RET00822,ORD007456,OI015282,PROD0050,CUST00196,26-06-2025,Wrong Item Delivered,750.27
RET00823,ORD007464,OI015305,PROD0007,CUST00410,26-02-2025,Wrong Item Delivered,4077.20
RET00824,ORD007479,OI015335,PROD0049,CUST00342,14-05-2025,Quality Issue,964.34
RET00825,ORD007481,OI015344,PROD0028,CUST00050,12-08-2024,Quality Issue,8254.78
RET00826,ORD007496,OI015378,PROD0006,CUST00396,08-08-2025,Quality Issue,624.93
RET00827,ORD007503,OI015392,PROD0049,CUST00008,10-12-2025,Better Price Found Elsewhere,458.06
RET00828,ORD007507,OI015401,PROD0016,CUST00299,22-12-2024,Size/Fit Issue,2031.61
RET00829,ORD007526,OI015438,PROD0031,CUST00581,31-03-2025,Wrong Item Delivered,862.99
RET00830,ORD007537,OI015461,PROD0013,CUST00145,04-01-2026,Changed Mind,2255.79
RET00831,ORD007541,OI015468,PROD0002,CUST00463,18-08-2025,Product Damaged,3846.22
RET00832,ORD007545,OI015478,PROD0040,CUST00523,11-01-2025,Size/Fit Issue,5311.32
RET00833,ORD007558,OI015500,PROD0044,CUST00243,02-05-2025,Wrong Item Delivered,886.78
RET00834,ORD007582,OI015552,PROD0044,CUST00405,15-10-2025,Not as Described,280.03
RET00835,ORD007591,OI015569,PROD0013,CUST00591,30-12-2025,Not as Described,2374.52
RET00836,ORD007595,OI015577,PROD0014,CUST00032,06-01-2025,Better Price Found Elsewhere,2619.77
RET00837,ORD007597,OI015582,PROD0049,CUST00058,29-05-2024,Wrong Item Delivered,819.69
RET00838,ORD007601,OI015591,PROD0049,CUST00397,22-12-2024,Wrong Item Delivered,819.69
RET00839,ORD007609,OI015609,PROD0007,CUST00035,07-09-2025,Quality Issue,2158.52
RET00840,ORD007616,OI015619,PROD0044,CUST00573,10-04-2025,Wrong Item Delivered,311.15
RET00841,ORD007644,OI015687,PROD0032,CUST00376,08-04-2025,Size/Fit Issue,1603.35
RET00842,ORD007645,OI015688,PROD0044,CUST00463,23-02-2024,Not as Described,311.15
RET00843,ORD007646,OI015689,PROD0050,CUST00145,11-01-2026,Product Damaged,750.27
RET00844,ORD007665,OI015730,PROD0011,CUST00342,05-05-2025,Not as Described,2593.02
RET00845,ORD007685,OI015766,PROD0031,CUST00299,19-08-2025,Product Damaged,2588.97
RET00846,ORD007687,OI015771,PROD0013,CUST00503,28-08-2025,Changed Mind,2137.07
RET00847,ORD007691,OI015779,PROD0050,CUST00496,30-07-2025,Better Price Found Elsewhere,600.22
RET00848,ORD007710,OI015817,PROD0044,CUST00380,18-11-2025,Not as Described,560.07
RET00849,ORD007711,OI015818,PROD0031,CUST00189,19-05-2025,Better Price Found Elsewhere,819.84
RET00850,ORD007714,OI015824,PROD0013,CUST00559,14-07-2025,Product Damaged,2255.79
RET00851,ORD007717,OI015829,PROD0020,CUST00497,12-05-2024,Size/Fit Issue,4914.12
RET00852,ORD007742,OI015888,PROD0007,CUST00558,14-03-2024,Changed Mind,2398.35
RET00853,ORD007750,OI015906,PROD0049,CUST00142,28-10-2024,Quality Issue,458.06
RET00854,ORD007754,OI015918,PROD0031,CUST00226,28-11-2024,Better Price Found Elsewhere,1553.38
RET00855,ORD007761,OI015930,PROD0049,CUST00345,30-01-2025,Size/Fit Issue,482.17
RET00856,ORD007768,OI015948,PROD0011,CUST00134,07-07-2025,Quality Issue,2729.50
RET00857,ORD007771,OI015954,PROD0050,CUST00549,20-09-2025,Changed Mind,2025.73
RET00858,ORD007773,OI015959,PROD0045,CUST00506,10-07-2025,Product Damaged,2270.94
RET00859,ORD007783,OI015979,PROD0013,CUST00061,27-03-2025,Changed Mind,2255.79
RET00860,ORD007784,OI015980,PROD0050,CUST00223,17-01-2025,Changed Mind,750.27
RET00861,ORD007788,OI015991,PROD0040,CUST00328,27-04-2024,Wrong Item Delivered,5045.75
RET00862,ORD007794,OI016001,PROD0011,CUST00448,14-12-2024,Size/Fit Issue,3275.40
RET00863,ORD007825,OI016070,PROD0021,CUST00243,29-06-2025,Better Price Found Elsewhere,6681.52
RET00864,ORD007826,OI016072,PROD0025,CUST00540,05-04-2025,Quality Issue,1420.23
RET00865,ORD007837,OI016093,PROD0050,CUST00345,19-01-2025,Wrong Item Delivered,1500.54
RET00866,ORD007845,OI016104,PROD0049,CUST00024,22-11-2025,Product Damaged,482.17
RET00867,ORD007860,OI016137,PROD0044,CUST00027,20-12-2025,Changed Mind,295.59
RET00868,ORD007873,OI016159,PROD0007,CUST00078,12-06-2025,Not as Described,2278.43
RET00869,ORD007889,OI016190,PROD0049,CUST00156,05-12-2025,Changed Mind,433.95
RET00870,ORD007891,OI016193,PROD0040,CUST00354,22-12-2025,Quality Issue,4514.62
RET00871,ORD007892,OI016194,PROD0018,CUST00385,01-10-2025,Size/Fit Issue,4185.64
RET00872,ORD007894,OI016197,PROD0030,CUST00414,30-04-2024,Size/Fit Issue,1158.24
RET00873,ORD007900,OI016214,PROD0013,CUST00453,20-08-2025,Better Price Found Elsewhere,2374.52
RET00874,ORD007902,OI016216,PROD0044,CUST00591,20-10-2024,Size/Fit Issue,591.18
RET00875,ORD007905,OI016223,PROD0049,CUST00038,21-03-2025,Product Damaged,916.12
RET00876,ORD007910,OI016233,PROD0049,CUST00162,08-08-2025,Product Damaged,482.17
RET00877,ORD007912,OI016236,PROD0037,CUST00560,04-11-2024,Better Price Found Elsewhere,1134.82
RET00878,ORD007927,OI016263,PROD0049,CUST00285,04-05-2025,Size/Fit Issue,482.17
RET00879,ORD007930,OI016267,PROD0034,CUST00573,03-06-2024,Better Price Found Elsewhere,498.40
RET00880,ORD007951,OI016317,PROD0044,CUST00323,15-03-2025,Size/Fit Issue,280.03
RET00881,ORD007965,OI016342,PROD0011,CUST00581,11-04-2025,Product Damaged,2729.50
RET00882,ORD007982,OI016373,PROD0032,CUST00532,07-10-2025,Better Price Found Elsewhere,1282.68
RET00883,ORD007999,OI016414,PROD0050,CUST00434,25-10-2024,Product Damaged,1350.49
